﻿{"강상우": {"NTIS": "가천대학교"}, "강아름": {"NTIS": "순천향대학교"}, "강용신": {"NTIS": "성균관대학교(자연과학캠퍼스)"}, "강주영": {"NTIS": "한양대학교"}, "강지수": {"NTIS": "경기대학교산학협력단"}, "강현수": {"NTIS": "충북대학교산학협력단"}, "강훈": {"NTIS": "중앙대학교"}, "고수정": {"NTIS": "부산가톨릭대학교"}, "곽경섭": {"NTIS": "인하대학교"}, "구병국": {"NTIS": "경기대학교산학협력단"}, "구자환": {"SCIENCEON": "성균관대학교 사회과학대학"}, "권두순": {"SCIENCEON": "청운대학교 교양대학"}, "권영우": {"NTIS": "경북대학교"}, "권오민": {"NTIS": "충북대학교"}, "권정혜": {"NTIS": "충남대학교산학협력단"}, "권준석": {"NTIS": "중앙대학교"}, "권혁윤": {"NTIS": "서울과학기술대학교"}, "권혜민": {"SCIENCEON": "서울여자대학교 정보보호학과", "KCI": "서울여자대학교 정보보호학과 학생"}, "권혜정": {"NTIS": "고려대학교산학협력단"}, "권희주": {"NTIS": "충북대학교산학협력단"}, "길성현": {"NTIS": "충북대학교산학협력단"}, "김경백": {"NTIS": "전남대학교"}, "김경수": {"NTIS": "한양대학교"}, "김경희": {"SCIENCEON": "한림대학교 미디어커뮤니케이션학부"}, "김광욱": {"NTIS": "한양대학교"}, "김광훈": {"NTIS": "경기대학교"}, "김기연": {"KCI": "목원대학교"}, "김기탁": {"KCI": "조선대학교"}, "김기학": {"NTIS": "충북대학교산학협력단"}, "김기현": {"SCIENCEON": "성신여자대학교 정보시스템공학과"}, "김남영": {"NTIS": "충북대학교 산학협력단"}, "김대한": {"NTIS": "단국대학교 산학협력단"}, "김도형": {"SCIENCEON": "성균관대학교 소프트웨어대학"}, "김동현": {"SCIENCEON": "Dept of Software, Dongseo University"}, "김명주": {"SCIENCEON": "서울여자대학교 정보보호학과", "KCI": "서울여자대학교"}, "김민경": {"NTIS": "선문대학교"}, "김민기": {"NTIS": "단국대학교 산학협력단"}, "김민수0": {"NTIS": "부산가톨릭대학교 응용과학연구소"}, "김민수1": {"NTIS": "전남대학교"}, "김민정": {"NTIS": "경기대학교산학협력단"}, "김민형": {"KCI": "동아대학교"}, "김범수": {"NTIS": "충북대학교산학협력단"}, "김보람": {"NTIS": "충북대학교산학협력단"}, "김상욱": {"NTIS": "한양대학교"}, "김성민": {"NTIS": "한양대학교 관광연구소"}, "김성준": {"SCIENCEON": "남서울대학교 복지경영대학원 빅데이터콘텐츠융합학과"}, "김승훈": {"NTIS": "단국대학교 산학협력단"}, "김아연": {"SCIENCEON": "서울시립대학교 조경학과"}, "김연동": {"NTIS": "충북대학교산학협력단"}, "김영미": {"SCIENCEON": "서원대학교 레저스포츠학과"}, "김예진": {"NTIS": "부산가톨릭대학교"}, "김유나": {"SCIENCEON": "서울예술대학교 광고창작과"}, "김윤아0": {"NTIS": "충북대학교산학협력단"}, "김윤아1": {"KCI": "한국직업능력개발원"}, "김윤학": {"NTIS": "조선대학교"}, "김응모": {"SCIENCEON": "성균관대학교 사회과학대학 소비자가족학과 / 소프트웨어대학"}, "김일중": {"KCI": "한국과학기술원"}, "김정민": {"NTIS": "충북대학교산학협력단"}, "김정우": {"NTIS": "아주대학교산학협력단"}, "김정은": {"NTIS": "공주대학교"}, "김종범": {"NTIS": "충북대학교산학협력단"}, "김종우": {"NTIS": "한양대학교"}, "김준영": {"KCI": "중소벤처기업부 제조혁신정책과"}, "김지은": {"SCIENCEON": "서울시립대학교 일반대학원 조경학과 대학원"}, "김태구": {"NTIS": "한밭대학교"}, "김태연": {"SCIENCEON": "건국대학교 지식콘텐츠연구소"}, "김태현": {"NTIS": "서울대학교 산학협력단"}, "김하정": {"KCI": "한국과학기술원 제조AI빅데이터센터"}, "김한나": {"SCIENCEON": "순천향대학교 미래융합기술학과"}, "김한성": {"NTIS": "한양대학교"}, "김현아": {"NTIS": "경기대학교"}, "김현일": {"NTIS": "단국대학교"}, "김현지": {"NTIS": "단국대학교 산학협력단"}, "김현진": {"NTIS": "고려대학교산학협력단"}, "김형원": {"NTIS": "충북대학교"}, "김호걸": {"SCIENCEON": "청주대학교 휴먼환경디자인학부 조경도시계획전공"}, "김호용": {"SCIENCEON": "한국과학기술정보연구원"}, "김홍광": {"SCIENCEON": "건국대학교 행정문제연구소"}, "김후년": {"KCI": "대진대학교"}, "김흥남": {"KCI": "한국과학기술원 K-Industry4.0 추진본부"}, "김희제": {"NTIS": "부산대학교"}, "김희주": {"NTIS": "단국대학교 산학협력단"}, "나수진": {"KCI": "광주여자고등학교"}, "남권희": {"NTIS": "경북대학교"}, "남수태": {"SCIENCEON": "Wonkwang University"}, "남윤재": {"SCIENCEON": "경희대학교 문화관광콘텐츠학과"}, "남인용": {"SCIENCEON": "부경대학교 신문방송학과", "KCI": "부경대학교"}, "노승민": {"NTIS": "세종대학교"}, "노영균": {"NTIS": "서울대학교"}, "노영희": {"SCIENCEON": "건국대학교 문헌정보학과"}, "노준용": {"NTIS": "한국과학기술원"}, "노태협": {"SCIENCEON": "덕성여자대학교 경영학과", "KCI": "덕성여자대학교"}, "도남철": {"NTIS": "경상대학교"}, "라선영": {"NTIS": "연세대학교 산학협력단"}, "류건지": {"KCI": "동명대학교"}, "류성은": {"NTIS": "경기대학교산학협력단"}, "륙치금": {"SCIENCEON": "부경대학교 신문방송학과", "KCI": "부경대학교 신문방송학과"}, "문동혁": {"NTIS": "충북대학교산학협력단"}, "문재영": {"SCIENCEON": "동서대학교 글로벌경영학부"}, "문주철": {"NTIS": "단국대학교 산학협력단"}, "민준기": {"NTIS": "한국기술교육대학교"}, "민하나": {"KCI": "한국관광공사"}, "민효원": {"NTIS": "한국과학기술원"}, "박관수": {"NTIS": "부산대학교"}, "박대훈": {"NTIS": "충북대학교산학협력단"}, "박민재": {"NTIS": "경기대학교"}, "박성재": {"KCI": "한라대학교"}, "박송희": {"NTIS": "충북대학교 산학협력단"}, "박수빈": {"NTIS": "충북대학교산학협력단", "SCIENCEON": "충북대학교 빅데이터협동과정"}, "박유미": {"NTIS": "한국과학기술원"}, "박은일": {"NTIS": "성균관대학교"}, "박인수": {"KCI": "한양대학교"}, "박재열": {"SCIENCEON": "충북대학교 정보통신공학과"}, "박정연": {"NTIS": "충북대학교산학협력단"}, "박지은": {"NTIS": "창원대학교"}, "박진덕": {"NTIS": "단국대학교 산학협력단"}, "박진홍": {"SCIENCEON": "경희대학교 소셜네트워크과학과"}, "박찬": {"SCIENCEON": "서울시립대학교 조경학과"}, "박찬식": {"NTIS": "중앙대학교"}, "박찬홍": {"NTIS": "동서대학교"}, "박태미": {"NTIS": "충북대학교 산학협력단"}, "박하명": {"NTIS": "국민대학교"}, "박혜원": {"NTIS": "경기대학교산학협력단"}, "박희진": {"NTIS": "한양대학교 산학협력단"}, "박희찬": {"NTIS": "단국대학교 산학협력단"}, "반재훈": {"SCIENCEON": "Department of IT Management"}, "배준우": {"NTIS": "한양대학교 에리카산학협력단"}, "백승헌": {"KCI": "조선대학교"}, "백연희": {"NTIS": "충북대학교산학협력단", "SCIENCEON": "충북대학교 빅데이터 협동과정"}, "백지원": {"NTIS": "상지대학교"}, "변성우": {"NTIS": "단국대학교 산학협력단"}, "변혜원": {"SCIENCEON": "성신여자대학교 정보시스템공학과"}, "복경수0": {"NTIS": "충북대학교", "SCIENCEON": "충북대학교 정보통신공학과"}, "복경수1": {"SCIENCEON": "원광대학교 SW융합학과"}, "서동민": {"SCIENCEON": "한국과학기술정보연구원"}, "서무경": {"KCI": "동명대학교"}, "서일정": {"SCIENCEON": "경기대학교"}, "서주환": {"SCIENCEON": "경희대학교 예술.디자인대학 환경조경디자인학과"}, "서지훈": {"NTIS": "인천대학교"}, "서창원": {"NTIS": "단국대학교 산학협력단"}, "선우우연": {"NTIS": "성균관대학교(자연과학캠퍼스)"}, "선형주": {"SCIENCEON": "연세대학교 정보대학원"}, "선호근": {"NTIS": "부산대학교"}, "설상훈": {"SCIENCEON": "Interdisciplinary Course for Service Design Convergence"}, "성기훈": {"SCIENCEON": "Department of Mechanical Engineering, Sungkyunkwan University"}, "손경아": {"NTIS": "아주대학교"}, "손동영": {"NTIS": "한양대학교"}, "손병직": {"NTIS": "건양대학교"}, "손석현": {"SCIENCEON": "인천국제공항공사 공항산업기술연구원"}, "송민": {"NTIS": "연세대학교"}, "송재오": {"SCIENCEON": "(주) 제오시스 기업부설연구소"}, "신기정": {"NTIS": "한국과학기술원"}, "신문선": {"NTIS": "건국대학교 GLOCAL(글로컬)캠퍼스"}, "신민수": {"KCI": "한양대학교"}, "신보경": {"NTIS": "충북대학교산학협력단"}, "신성윤": {"SCIENCEON": "Kunsan National University"}, "신용민": {"NTIS": "단국대학교 산학협력단"}, "신원용": {"NTIS": "연세대학교"}, "신인식": {"KCI": "동명대학교"}, "신현보": {"SCIENCEON": "연세대학교 정보대학원"}, "신현식": {"NTIS": "충북대학교산학협력단"}, "안만선": {"NTIS": "중앙대학교"}, "안상현": {"NTIS": "충북대학교산학협력단"}, "안종욱": {"SCIENCEON": "안양대학교 도시정보공학과"}, "안현": {"NTIS": "경기대학교"}, "양연주": {"NTIS": "한국과학기술원"}, "양재식": {"SCIENCEON": "서원대학교 레저스포츠학과"}, "양한결": {"NTIS": "가천대학교"}, "양현": {"NTIS": "충북대학교산학협력단"}, "염주선": {"NTIS": "한국과학기술원"}, "오명훈": {"NTIS": "단국대학교 산학협력단"}, "오성수": {"NTIS": "한양대학교"}, "오영호": {"NTIS": "충북대학교"}, "오유수": {"NTIS": "대구대학교"}, "오준오": {"NTIS": "단국대학교 산학협력단"}, "용환승": {"NTIS": "이화여자대학교"}, "우경숙": {"SCIENCEON": "경희대학교 일반대학원 환경조경학과"}, "우지영": {"NTIS": "순천향대학교"}, "원정임": {"NTIS": "한양대학교"}, "위지원": {"NTIS": "충북대학교산학협력단"}, "유리화": {"SCIENCEON": "국립산림과학원 산림복지연구과", "KCI": "국립산림과학원"}, "유민수": {"NTIS": "한양대학교산학협력단"}, "유승화": {"KCI": "한국과학기술원"}, "유재수": {"NTIS": "충북대학교", "SCIENCEON": "충북대학교 정보통신공학과"}, "육대범": {"NTIS": "충북대학교산학협력단"}, "윤준영": {"NTIS": "충북대학교산학협력단"}, "윤지우": {"NTIS": "성균관대학교"}, "윤현": {"KCI": "강원대학교 관광경영학과"}, "윤희정": {"KCI": "강원대학교"}, "이강희": {"NTIS": "숭실대학교"}, "이광희0": {"NTIS": "단국대학교 산학협력단"}, "이광희1": {"SCIENCEON": "한국연구재단 인재양성실"}, "이권형": {"NTIS": "동의대학교"}, "이규혜": {"SCIENCEON": "한양대학교 의류학과 휴먼테크융합전공"}, "이규환": {"NTIS": "건양대학교"}, "이기문": {"NTIS": "서울대학교 산학협력단"}, "이남규": {"NTIS": "한국과학기술원"}, "이도엽": {"NTIS": "중앙대학교"}, "이래엽": {"NTIS": "국민대학교산학협력단"}, "이명원": {"NTIS": "충남대학교산학협력단"}, "이민상": {"NTIS": "충남대학교산학협력단"}, "이민혁": {"NTIS": "부산대학교"}, "이상철": {"NTIS": "(사)대한항암요법연구회"}, "이새봄": {"SCIENCEON": "경희대학교 빅데이터연구센터"}, "이성원": {"NTIS": "건국대학교 GLOCAL(글로컬)캠퍼스"}, "이성희": {"NTIS": "한국과학기술원"}, "이수련": {"SCIENCEON": "서울여자대학교 정보보호학과", "KCI": "서울여자대학교 정보보호학과 학생"}, "이승훈": {"SCIENCEON": "대검찰청 디지털수사과", "KCI": "대검찰청 디지털수사과"}, "이연창": {"NTIS": "충북대학교 산학협력단"}, "이우기": {"NTIS": "인하대학교"}, "이원진": {"NTIS": "단국대학교 산학협력단"}, "이유신": {"NTIS": "한양대학교"}, "이인수": {"SCIENCEON": "대검찰청 디지털수사과", "KCI": "대검찰청 디지털수사과"}, "이재동": {"NTIS": "단국대학교 산학협력단"}, "이재무": {"KCI": "단국대학교"}, "이재문": {"KCI": "경희대학교"}, "이재성": {"NTIS": "충북대학교"}, "이재흠": {"NTIS": "충북대학교산학협력단"}, "이정하0": {"SCIENCEON": "과학기술연합대학원대학교 건설환경공학과"}, "이정하1": {"SCIENCEON": "한국건설기술연구원"}, "이정학": {"KCI": "경희대학교"}, "이정희": {"SCIENCEON": "국립산림과학원 산림복지연구과", "KCI": "국립산림과학원 산림정책연구부 산림복지연구과"}, "이종국": {"NTIS": "계명대학교"}, "이준기": {"SCIENCEON": "연세대학교 정보대학원"}, "이지현": {"NTIS": "한국과학기술원"}, "이진영": {"NTIS": "경기대학교산학협력단"}, "이치우": {"NTIS": "부산대학교산학협력단"}, "이태건": {"NTIS": "충북대학교산학협력단"}, "이태규": {"NTIS": "창원대학교"}, "이하빈": {"NTIS": "한양대학교"}, "이헌우": {"NTIS": "한양대학교"}, "이현병": {"NTIS": "원광대학교"}, "이혜미": {"KCI": "경희대학교"}, "이홍주": {"NTIS": "한양대학교"}, "이희승": {"NTIS": "충북대학교 산학협력단"}, "임상준": {"NTIS": "서울대학교 산학협력단"}, "임종태": {"SCIENCEON": "충북대학교 정보통신공학과"}, "임지형": {"KCI": "조선대학교"}, "임형욱": {"NTIS": "한양대학교"}, "장미화": {"KCI": "계명대학교"}, "장윤선": {"SCIENCEON": "국립산림과학원 산림복지연구과", "KCI": "국립산림과학원 산림복지연구과"}, "전상민": {"NTIS": "서울대학교 산학협력단"}, "전주희": {"NTIS": "고려대학교의료원안암병원"}, "전준범": {"NTIS": "한림대학교"}, "정경미": {"KCI": "동국대 한의과대학 석박사통합과정"}, "정경용": {"NTIS": "경기대학교산학협력단"}, "정경중": {"NTIS": "단국대학교 산학협력단"}, "정대근": {"SCIENCEON": "전남대학교 문헌정보학과"}, "정애란": {"NTIS": "건국대학교 GLOCAL(글로컬)캠퍼스"}, "정영섭": {"SCIENCEON": "순천향대학교 빅데이터공학과"}, "정우성": {"NTIS": "포항공과대학교"}, "정이상": {"KCI": "동명대학교"}, "정장현": {"NTIS": "충북대학교 산학협력단"}, "정재욱": {"NTIS": "대구경북과학기술원"}, "정종현": {"NTIS": "충북대학교산학협력단"}, "정주익": {"SCIENCEON": "인천국제공항공사 공항산업기술연구원"}, "정진원": {"NTIS": "단국대학교 산학협력단"}, "정현모": {"NTIS": "경기대학교산학협력단"}, "정형구": {"NTIS": "서울시립대학교"}, "조경록": {"NTIS": "충북대학교산학협력단"}, "조용장": {"NTIS": "고려대의료원"}, "조윤식": {"NTIS": "세종대학교"}, "조재희": {"SCIENCEON": "광운대학교"}, "조환규": {"NTIS": "부산대학교"}, "조희찬": {"NTIS": "한양대학교"}, "주길홍": {"NTIS": "경인교육대학교"}, "주징": {"KCI": "강원대학교 관광경영학과 박사과정"}, "지용진": {"NTIS": "충북대학교산학협력단"}, "진찬용": {"SCIENCEON": "Wonkwang University"}, "차미영": {"NTIS": "한국과학기술원"}, "차재혁": {"NTIS": "한양대학교"}, "차희준": {"SCIENCEON": "인천국제공항공사 공항산업기술연구원"}, "채희수": {"KCI": "한국과학기술원"}, "천탠이": {"SCIENCEON": "한양대학교 의류학과"}, "최대진": {"NTIS": "인천대학교"}, "최도진": {"NTIS": "충북대학교 산학협력단", "SCIENCEON": "충북대학교 정보통신공학과"}, "최상일": {"NTIS": "단국대학교"}, "최선용": {"NTIS": "가천대학교"}, "최성곤": {"NTIS": "충북대학교산학협력단"}, "최소영": {"NTIS": "충북대학교산학협력단"}, "최영현": {"SCIENCEON": "한양대학교 의류학과"}, "최용석": {"NTIS": "한양대학교"}, "최윤희": {"NTIS": "순천향대학교"}, "최은정": {"SCIENCEON": "서울여자대학교 정보보호학과", "KCI": "서울여자대학교"}, "최재영": {"NTIS": "한국외국어대학교"}, "최종무": {"NTIS": "단국대학교"}, "최지영": {"NTIS": "한국과학기술원"}, "최진호": {"NTIS": "한양대학교"}, "최호성": {"SCIENCEON": "한국산학연협회"}, "추진기": {"KCI": "경기대학교"}, "편도웅": {"NTIS": "충북대학교산학협력단"}, "하상현": {"SCIENCEON": "(주)비투인", "KCI": "(주)비투인"}, "하종수": {"SCIENCEON": "Department of Broadcasting & Image"}, "한경호": {"NTIS": "단국대학교산학협력단"}, "한상필": {"SCIENCEON": "한양대학교 광고홍보학과"}, "한아람": {"KCI": "한양대학교"}, "한정섭": {"SCIENCEON": "남서울대학교 복지경영대학원 빅데이터콘텐츠융합학과"}, "한지영": {"NTIS": "한국과학기술원"}, "한진영": {"NTIS": "성균관대학교"}, "현성협": {"NTIS": "부산대학교"}, "홍병우": {"NTIS": "중앙대학교"}, "홍석주": {"NTIS": "충북대학교산학협력단"}, "홍소윤": {"NTIS": "연세대학교"}, "홍송남": {"NTIS": "한양대학교"}, "홍수빈": {"NTIS": "경기대학교산학협력단"}, "홍순구": {"NTIS": "동아대학교"}, "홍영재": {"NTIS": "충북대학교산학협력단"}, "홍주현": {"SCIENCEON": "국민대학교 언론정보학부"}, "홍지운": {"NTIS": "충북대학교산학협력단"}, "황규영": {"NTIS": "한국과학기술원"}, "황석환": {"SCIENCEON": "한국건설기술연구원 돌발홍수연구센터"}, "황욱선": {"KCI": "한라대학교"}, "황지영": {"NTIS": "성균관대학교(자연과학캠퍼스)"}, "황창하": {"NTIS": "단국대학교"}}