{"강대수": {"NTIS": "공주대학교"}, "강동우": {"NTIS": "계명대학교"}, "강문식": {"KCI": "강릉원주대학교"}, "강연식": {"NTIS": "국민대학교", "KCI": "국민대학교"}, "강창근": {"SCIENCEON": "한화시스템(주) 지상시스템팀", "KCI": "한화시스템(주) 지상시스템팀"}, "강태구": {"NTIS": "상명대학교(천안캠퍼스)"}, "고봉철": {"SCIENCEON": "Intelligent Vehicle Safety System Development Team, Hyundai Motor Company"}, "고성영": {"NTIS": "전남대학교"}, "고성철": {"NTIS": "계명대학교"}, "고윤석": {"SCIENCEON": "남서울대학교 전자공학과", "KCI": "남서울대학교"}, "곽기성": {"KCI": "성균관대학교"}, "권규식": {"NTIS": "전북대학교산학협력단"}, "권동수": {"NTIS": "한국과학기술원"}, "권상주": {"NTIS": "한국항공대학교"}, "권인소": {"NTIS": "한국과학기술원"}, "김강희": {"KCI": "숭실대학교"}, "김규탁": {"NTIS": "창원대학교"}, "김나현": {"NTIS": "한양대학교"}, "김동호": {"NTIS": "세종대학교"}, "김두형": {"KCI": "한국기계연구원"}, "김병규": {"NTIS": "한국항공대학교"}, "김상훈": {"SCIENCEON": "한경대학교 전기전자제어공학과"}, "김선웅": {"NTIS": "조선대학교"}, "김성진": {"NTIS": "강원대학교산학협력단삼척캠퍼스분단"}, "김성한": {"NTIS": "동아대학교"}, "김세광": {"KCI": "서정대학교"}, "김세훈": {"NTIS": "에스티엠(주)"}, "김시현": {"NTIS": "한국해양대학교"}, "김영렬": {"KCI": "(주)진우에스엠씨 EV개발센터"}, "김영주": {"SCIENCEON": "한국생산기술연구원 융복합농기계그룹"}, "김용숙": {"NTIS": "전남대학교병원"}, "김용주": {"NTIS": "충남대학교산학협력단"}, "김용철": {"NTIS": "대구대학교"}, "김우일": {"SCIENCEON": "서울과학기술대학교 기계.자동차공학과", "KCI": "서울과학기술대학교"}, "김재관": {"SCIENCEON": "한화시스템(주) 지상시스템팀", "KCI": "한화시스템(주) 지상시스템팀"}, "김정근": {"SCIENCEON": "광운대학교 전자공학과", "KCI": "광운대학교"}, "김정훈0": {"NTIS": "홍익대학교 산학협력단"}, "김정훈1": {"SCIENCEON": "동양물산기업 중앙연구소"}, "김종배": {"NTIS": "세종사이버대학교"}, "김종성": {"KCI": "경성대학교"}, "김종식": {"NTIS": "부산대학교산학협력단"}, "김종우": {"NTIS": "서울대학교"}, "김태형": {"KCI": "경상대학교"}, "김학진": {"NTIS": "서울대학교산학협력단", "SCIENCEON": "서울대학교 바이오시스템 소재학부"}, "김해지": {"KCI": "경남과학기술대학교"}, "김헌우": {"SCIENCEON": "브이지엠"}, "김형수": {"SCIENCEON": "한국건설기술연구원 도로연구소", "KCI": "한국건설기술연구원"}, "김형준": {"NTIS": "중앙대학교"}, "김홍준": {"NTIS": "경북대학교"}, "김회율": {"NTIS": "한양대학교산학협력단"}, "김효준": {"KCI": "강원대학교"}, "김희석": {"NTIS": "청주대학교산학협력단"}, "남해운": {"NTIS": "한양대학교 에리카산학협력단"}, "도태용": {"SCIENCEON": "한밭대학교 전자.제어공학과"}, "류희석": {"KCI": "국립농업과학원"}, "문경환": {"NTIS": "고려대학교산학협력단"}, "민병권": {"NTIS": "연세대학교산학협력단"}, "박강령": {"NTIS": "동국대학교산학협력단"}, "박건우": {"KCI": "(주)하다"}, "박경민": {"KCI": "전북자동차기술원"}, "박경택": {"SCIENCEON": "한국기계연구원"}, "박관규": {"NTIS": "한양대학교"}, "박권하": {"NTIS": "한국해양대학교 산학협력단"}, "박규환": {"NTIS": "고려대학교"}, "박기홍": {"NTIS": "국민대학교산학협력단"}, "박성군": {"NTIS": "서울과학기술대학교"}, "박세준": {"KCI": "목원대학교"}, "박영진": {"KCI": "한국과학기술원"}, "박원엽": {"NTIS": "한경대학교 산학협력단"}, "박윤식": {"NTIS": "한국과학기술원"}, "박장현": {"SCIENCEON": "한양대학교 미래자동차공학과"}, "박종오0": {"NTIS": "전남대학교산학협력단"}, "박종오1": {"KCI": "동아대학교"}, "박준혁": {"SCIENCEON": "한국철도기술연구원 고속철도연구본부"}, "박지흔": {"KCI": "박지흔 법률사무소"}, "박진현": {"SCIENCEON": "경남과학기술대학교", "KCI": "경남과학기술대학교"}, "박태원": {"SCIENCEON": "아주대학교 기계공학과", "KCI": "아주대학교"}, "박형근": {"NTIS": "남서울대학교산학협력단"}, "박훈": {"SCIENCEON": "대진대학교 전자공학과"}, "방병주": {"KCI": "Shinheung Industry Company Korea"}, "방성일": {"NTIS": "단국대학교산학협력단"}, "방영봉": {"NTIS": "서울대학교병원"}, "서승우": {"NTIS": "서울대학교"}, "서자호": {"SCIENCEON": "Department of Biosystems Machinery Engineering, Chungnam National University", "KCI": "충남대학교"}, "서준범": {"NTIS": "서울아산병원"}, "선우명호": {"NTIS": "한양대학교"}, "성혁기": {"NTIS": "홍익대학교"}, "손영대": {"SCIENCEON": "동서대학교"}, "손영선": {"SCIENCEON": "동명대학교 전자공학과", "KCI": "동명대학교"}, "손영섭": {"KCI": "만도"}, "손정현": {"NTIS": "부경대학교"}, "송경준": {"NTIS": "부산대학교"}, "송병섭": {"NTIS": "대구대학교산학협력단"}, "송봉섭": {"NTIS": "아주대학교산학협력단", "SCIENCEON": "아주대학교 기계공학과"}, "송영은": {"SCIENCEON": "호서대학교 전기공학과", "KCI": "호서대학교"}, "송정훈": {"NTIS": "동명대학교", "KCI": "동명대학교"}, "신동호": {"NTIS": "한국기술교육대학교"}, "신범수": {"SCIENCEON": "강원대학교 바이오시스템공학과"}, "안영근": {"NTIS": "전남대학교"}, "안창선": {"NTIS": "부산대학교 산학협력단", "KCI": "부산대학교"}, "양성모": {"SCIENCEON": "전북대학교 기계시스템공학부", "KCI": "전북대학교"}, "양태규": {"SCIENCEON": "목원대학교 지능로봇공학과", "KCI": "목원대학교"}, "여승태": {"SCIENCEON": "국방과학연구소", "KCI": "국방과학연구소"}, "여화수": {"NTIS": "한국과학기술원", "SCIENCEON": "한국과학기술원 건설 및 환경공학과", "KCI": "한국과학기술원"}, "오광석0": {"SCIENCEON": "호남대학교", "KCI": "호남대학교"}, "오광석1": {"KCI": "한경대학교"}, "오세찬": {"KCI": "한경대학교"}, "오정석": {"NTIS": "서울대학교"}, "오종석": {"NTIS": "공주대학교(천안공과대학)"}, "오진석": {"SCIENCEON": "한국해양대학교 기관공학과", "KCI": "한국해양대학교"}, "온형민": {"SCIENCEON": "조선대학교 보건과학대학 작업치료학과", "KCI": "조선대학교 보건과학대학 작업치료학과"}, "우관제": {"SCIENCEON": "현대로템(주) 기술연구소", "KCI": "현대로템 기술연구소"}, "유범상": {"NTIS": "전북대학교산학협력단"}, "유병길": {"SCIENCEON": "Communication-CW Team, Hanwha Systems", "KCI": "한화시스템(주)"}, "유승한": {"KCI": "한국기술교육대학교"}, "유영재": {"NTIS": "국립목포대학교 산학협력단", "SCIENCEON": "목포대학교 제어로봇공학과"}, "유종원": {"NTIS": "한국과학기술원"}, "유준": {"SCIENCEON": "충남대학교 전자공학과"}, "유지환": {"NTIS": "한국과학기술원"}, "유창호": {"NTIS": "전북대학교"}, "윤상원": {"NTIS": "한양대학교"}, "윤영중": {"SCIENCEON": "연세대학교 전기전자공학부", "KCI": "연세대학교"}, "이경수": {"NTIS": "서울대학교", "SCIENCEON": "School of Mechanical and Aerospace Engineering, Seoul National University", "KCI": "서울대학교"}, "이낙범": {"NTIS": "한국산업기술대학교산학협력단"}, "이대옥": {"SCIENCEON": "국방과학연구소", "KCI": "국방과학연구소"}, "이동호": {"NTIS": "한국과학기술원"}, "이명천": {"SCIENCEON": "국방과학연구소", "KCI": "국방과학연구소"}, "이범선": {"NTIS": "경희대학교 산학협력단"}, "이상문": {"NTIS": "경북대학교"}, "이상식": {"NTIS": "관동대학교산학협력단"}, "이상필": {"NTIS": "동의대학교산학협력단"}, "이석규": {"SCIENCEON": "영남대학교 전기공학과"}, "이선봉": {"SCIENCEON": "계명대학교 기계자동차공학과", "KCI": "계명대학교"}, "이선호": {"KCI": "한국항공우주연구원"}, "이설희": {"SCIENCEON": "한국생산기술연구원 융합생산기술연구소 휴먼문화융합그룹", "KCI": "한국생산기술연구원"}, "이세한": {"KCI": "경남대학교"}, "이순걸": {"NTIS": "경희대학교산학협력단"}, "이승호": {"NTIS": "경기과학기술대학교 산학협력단"}, "이승희": {"NTIS": "한양대학교"}, "이영철": {"NTIS": "목포해양대학교"}, "이용구": {"NTIS": "한양대학교 산학협력단"}, "이용식": {"NTIS": "연세대학교"}, "이인묵": {"SCIENCEON": "한국철도기술연구원", "KCI": "한국철도기술연구원"}, "이인수": {"KCI": "경북대학교"}, "이재곤": {"NTIS": "경남대학교", "KCI": "경남대학교"}, "이재관": {"KCI": "자동차부품연구원"}, "이재영": {"NTIS": "포항공과대학교"}, "이재찬": {"KCI": "서울교통공사"}, "이재천": {"NTIS": "계명대학교"}, "이정해": {"KCI": "홍익대학교", "SCIENCEON": "홍익대학교 전자전기공학과"}, "이중기": {"KCI": "홍익대학교"}, "이중석": {"NTIS": "충남대학교"}, "이지민": {"KCI": "아주대학교"}, "이지홍": {"NTIS": "충남대학교"}, "이해영": {"KCI": "아주대학교"}, "임대영": {"KCI": "한국생산기술연구원 한국생산기술연구원 EV부품소재그룹"}, "임성진": {"KCI": "서울과학기술대학교"}, "임영석": {"KCI": "전남대학교"}, "임홍석": {"NTIS": "동국대학교"}, "장건희": {"NTIS": "한양대학교산학협력단"}, "장경영": {"SCIENCEON": "한양대학교 기계공학과"}, "장래규": {"KCI": "(주)아이엠티"}, "장봉춘": {"NTIS": "안동대학교", "KCI": "안동대학교"}, "장혁준": {"KCI": "국민대학교"}, "전승문": {"NTIS": "공주대학교"}, "전종훈": {"SCIENCEON": "알에프코어 주식회사", "KCI": "알에프코어 주식회사"}, "정석훈": {"NTIS": "전주비전대학산학협력단"}, "정슬": {"SCIENCEON": "충남대학교 메카트로닉스공학과"}, "정영배": {"NTIS": "한밭대학교산학협력단"}, "정용식": {"NTIS": "광운대학교"}, "정은수": {"NTIS": "한양대학교"}, "정재일": {"NTIS": "한양대학교산학협력단"}, "정정주": {"NTIS": "한양대학교산학협력단", "SCIENCEON": "한양대학교 전기생체공학부", "KCI": "한양대학교"}, "정진곤": {"KCI": "중앙대학교"}, "정진우": {"KCI": "전남대학교"}, "정초영": {"SCIENCEON": "군산대학교 해양산업운송과학기술학부", "KCI": "군산대학교"}, "정현진": {"NTIS": "한양대학교"}, "정호열": {"NTIS": "영남대학교"}, "조성익": {"SCIENCEON": "서울과학기술대학교 산업대학원 자동차공학과", "KCI": "서울과학기술대학교"}, "조완기": {"NTIS": "한국기술교육대학교"}, "주상우": {"NTIS": "영남대학교"}, "주상현": {"SCIENCEON": "국방과학연구소 제5기술연구본부", "KCI": "국방과학연구소"}, "주태환": {"KCI": "국방과학연구소"}, "지민석": {"SCIENCEON": "한서대학교 항공시스템공학과"}, "차현록": {"SCIENCEON": "Automotive Components Research Group, Honam Regional Division, Korea Institute of Industrial Technology", "KCI": "한국생산기술연구원"}, "천종훈": {"KCI": "알에프코어 주식회사"}, "최경희": {"SCIENCEON": "아주대학교 정보컴퓨터공학부", "KCI": "아주대학교"}, "최규하": {"SCIENCEON": "건국대 전기공학과 전력전자연구실"}, "최병웅": {"SCIENCEON": "Naval System R&D Center, Hanwha Systems", "KCI": "한화시스템"}, "최승복": {"NTIS": "인하대학교"}, "최요순": {"SCIENCEON": "부경대학교 환경해양대학 에너지자원공학과", "KCI": "부경대학교"}, "최재순": {"NTIS": "울산대학교산학협력단"}, "최재훈": {"NTIS": "한양대학교"}, "최정현": {"NTIS": "대구경북과학기술원"}, "최창현": {"SCIENCEON": "Department of Bio-Mechatronic Engineering, Sungkyunkwan University", "KCI": "성균관대학교"}, "최현": {"NTIS": "경남대학교산학협력단"}, "최현덕": {"NTIS": "전남대학교"}, "최홍수": {"NTIS": "대구경북과학기술원"}, "탁진필": {"NTIS": "한양대학교"}, "한경석": {"KCI": "경북대학교"}, "한문수": {"SCIENCEON": "인하대학교"}, "한상휘": {"SCIENCEON": "(주)만도 Global R&D Center"}, "한창수": {"NTIS": "한양대학교 에리카 산학협력단", "SCIENCEON": "한양대학교 기계공학과"}, "허건수": {"NTIS": "한양대학교산학협력단", "KCI": "한양대학교"}, "허기봉": {"SCIENCEON": "Agency for Defense Development", "KCI": "국방과학연구소(대전)"}, "홍순중": {"KCI": "농촌진흥청"}, "홍아영": {"NTIS": "전남대학교"}, "황상우": {"KCI": "현대자동차"}, "황성호": {"NTIS": "성균관대학교산학협력단", "SCIENCEON": "Department of Mechanical Engineering, Sungkyunkwan University", "KCI": "성균관대학교"}, "황중기": {"NTIS": "동명대학교"}, "황창모": {"NTIS": "서울아산병원"}, "황헌": {"NTIS": "성균관대학교(자연과학캠퍼스)"}}