{"감경윤": {"KCI": "인제대학교 보건의료융합대학 작업치료학과"}, "강경묵": {"KCI": "(주)시공문화"}, "강경아": {"NTIS": "삼육대학교"}, "강민식": {"KCI": "남서울대학교"}, "강병근": {"SCIENCEON": "서울과학기술대학교"}, "강보영": {"NTIS": "경북대학교"}, "강상혁": {"NTIS": "인천대학교"}, "강석주": {"NTIS": "서강대학교"}, "강석중": {"KCI": "고려대학교"}, "강석진": {"NTIS": "경상대학교"}, "강석호": {"NTIS": "성균관대학교"}, "강신수": {"NTIS": "가톨릭관동대학교"}, "강신진": {"NTIS": "홍익대학교(세종캠퍼스)"}, "강우규": {"KCI": "중앙대학교 인문콘텐츠연구소"}, "강인석": {"SCIENCEON": "경상국립대학교 토목공학과", "KCI": "경상국립대학교"}, "강주영": {"KCI": "아주대학교"}, "강지영": {"KCI": "단국대학교"}, "강진구": {"NTIS": "제주대학교"}, "강창구": {"NTIS": "경상국립대학교"}, "강형엽": {"NTIS": "경희대학교(국제캠퍼스)"}, "강형원": {"NTIS": "원광대학교산학협력단"}, "강희영": {"NTIS": "조선대학교"}, "경기욱": {"NTIS": "한국과학기술원"}, "계희원": {"NTIS": "한성대학교"}, "고기남": {"KCI": "플레이스비 주식회사"}, "고승환": {"NTIS": "서울대학교"}, "고윤민": {"NTIS": "한동대학교"}, "고인영": {"NTIS": "한국과학기술원"}, "고필주": {"NTIS": "조선대학교"}, "곽동엽": {"NTIS": "한양대학교 에리카산학협력단"}, "곽영태": {"NTIS": "전북대학교산학협력단"}, "곽지영": {"NTIS": "포항공과대학교"}, "구보람": {"NTIS": "전남대학교"}, "구영민": {"NTIS": "인하대학교"}, "구용서": {"NTIS": "단국대학교"}, "구정훈": {"NTIS": "계명대학교"}, "구충완": {"NTIS": "인천대학교"}, "권구주": {"NTIS": "배화여자대학교"}, "권미영": {"KCI": "대구대학교"}, "권민기": {"NTIS": "조선대학교"}, "권범선": {"NTIS": "동국대학교"}, "권선영": {"KCI": "한남대학교"}, "권순무": {"SCIENCEON": "대구보건대학교 방사선과", "KCI": "대구보건대학교"}, "권순재": {"KCI": "호남대학교"}, "권순철": {"NTIS": "광운대학교"}, "권오병": {"SCIENCEON": "School of Management, Kyung Hee University", "KCI": "경희대학교"}, "권오상": {"NTIS": "울산과학기술원"}, "권재성": {"KCI": "청주대학교"}, "권정민": {"NTIS": "한밭대학교"}, "권준석": {"NTIS": "중앙대학교 산학협력단"}, "권혁주": {"KCI": "공주대학교"}, "김건희": {"NTIS": "서울대학교 산학협력단"}, "김경도": {"NTIS": "홍익대학교"}, "김경중": {"NTIS": "광주과학기술원"}, "김경진": {"NTIS": "경일대학교", "SCIENCEON": "경일대학교 간호학과", "KCI": "경일대학교"}, "김경태": {"KCI": "홍익대학교"}, "김경환": {"NTIS": "연세대학교(미래캠퍼스)"}, "김경훈": {"KCI": "서울 우촌초등학교"}, "김광숙": {"NTIS": "연세대학교"}, "김광욱": {"NTIS": "한양대학교"}, "김광집": {"KCI": "서울예술대학교"}, "김귀훈": {"SCIENCEON": "한국교원대학교 인공지능융합교육전공"}, "김규정": {"KCI": "숭실대학교 글로벌미디어학부 교수"}, "김규헌": {"NTIS": "경희대학교 산학협력단", "SCIENCEON": "경희대학교"}, "김규홍": {"NTIS": "서울대학교"}, "김근면": {"NTIS": "강릉원주대학교"}, "김근형": {"NTIS": "동의대학교"}, "김기범": {"NTIS": "한양대학교 ERICA 산학협력단(소프트웨어융합대학 ICT융합학부)"}, "김기윤": {"KCI": "성결대학교"}, "김기홍": {"NTIS": "강릉원주대학교"}, "김기훈": {"KCI": "울산과학대학교"}, "김나연": {"NTIS": "연세대학교"}, "김나영": {"KCI": "홍익대학교"}, "김남조": {"KCI": "한양대학교"}, "김남희": {"KCI": "한국직업능력개발원"}, "김대식0": {"NTIS": "충남대학교"}, "김대식1": {"KCI": "부산대학교"}, "김대우": {"SCIENCEON": "(주)위치스"}, "김대환": {"NTIS": "부경대학교"}, "김도경": {"KCI": "단국대학교"}, "김도남": {"KCI": "서울교육대학교"}, "김도승": {"KCI": "목포대학교"}, "김동광": {"NTIS": "고려대학교"}, "김동균": {"NTIS": "부산대학교병원"}, "김동민": {"NTIS": "순천향대학교"}, "김동식": {"SCIENCEON": "KCC Corporation", "KCI": "KCC건설"}, "김동준": {"NTIS": "광운대학교"}, "김동현": {"NTIS": "전주대학교산학협력단"}, "김동호0": {"NTIS": "숭실대학교"}, "김동호1": {"NTIS": "서울과학기술대학교산학협력단", "SCIENCEON": "서울과학기술대학교"}, "김두리": {"NTIS": "건양대학교"}, "김마리": {"NTIS": "이화여자대학교"}, "김문호": {"NTIS": "울산대학교"}, "김미리혜": {"KCI": "덕성여자대학교"}, "김미은": {"NTIS": "전주대학교"}, "김미정": {"NTIS": "한양대학교 산학협력단"}, "김미화": {"KCI": "한국기술교육대학교"}, "김민경": {"NTIS": "남서울대학교"}, "김민수": {"NTIS": "대전대학교"}, "김민재": {"KCI": "알렉시스팜 |주|"}, "김민호": {"SCIENCEON": "순천향대학교 환경보건학과"}, "김범준": {"NTIS": "서원대학교"}, "김병곤": {"KCI": "한국건설기술연구원"}, "김병일": {"KCI": "한양대학교"}, "김보라": {"KCI": "동주대학교"}, "김봉철": {"NTIS": "원광대학교"}, "김상연": {"NTIS": "한국기술교육대학교 산학협력단", "KCI": "한국기술교육대학교"}, "김상호": {"KCI": "고려대학교"}, "김상효": {"NTIS": "성균관대학교(자연과학캠퍼스)"}, "김상희": {"NTIS": "경북대학교"}, "김선경": {"NTIS": "목포대학교", "KCI": "국립목포대학교 간호학과"}, "김선옥": {"NTIS": "한국항공대학교"}, "김선우": {"NTIS": "한양대학교산학협력단"}, "김선희": {"KCI": "강원대학교"}, "김성겸": {"KCI": "동서대학교"}, "김성아": {"NTIS": "성균관대학교"}, "김성완": {"KCI": "나사렛대학교"}, "김성우": {"NTIS": "서울대학교"}, "김성일": {"NTIS": "경남대학교"}, "김성환": {"NTIS": "경북대학교 산학협력단"}, "김성훈0": {"SCIENCEON": "상명대학교 산학협력단", "KCI": "상명대학교"}, "김성훈1": {"KCI": "한양대학교"}, "김세환": {"KCI": "인하공업전문대학"}, "김소연": {"NTIS": "덕성여자대학교"}, "김수환": {"NTIS": "선문대학교"}, "김숙영": {"KCI": "중앙대학교"}, "김승남": {"NTIS": "중앙대학교", "KCI": "중앙대학교"}, "김승룡": {"NTIS": "고려대학교"}, "김승준": {"NTIS": "광주과학기술원"}, "김승호": {"NTIS": "영남이공대학교"}, "김시호": {"NTIS": "연세대학교 산학협력단"}, "김양균": {"NTIS": "한양대학교산학협력단"}, "김연수": {"KCI": "숙명여자대학교"}, "김연희": {"KCI": "국민대학교"}, "김영섭": {"NTIS": "가천대학교 산학협력단"}, "김영준": {"NTIS": "이화여자대학교산학협력단"}, "김영지": {"NTIS": "공주대학교"}, "김영진": {"KCI": "한양대학교(ERICA캠퍼스) 디테크융합연구소"}, "김예진": {"KCI": "홍익대학교"}, "김용민": {"NTIS": "호서대학교"}, "김용수": {"NTIS": "한양대학교"}, "김용신": {"NTIS": "고려대학교"}, "김우리": {"KCI": "전남대학교"}, "김원석": {"NTIS": "안동대학교"}, "김유정": {"KCI": "조선간호대학교"}, "김윤상": {"NTIS": "한국기술교육대학교"}, "김윤정": {"KCI": "인하대학교 디자인테크놀로지학과"}, "김은삼": {"NTIS": "홍익대학교"}, "김은영": {"NTIS": "충북대학교"}, "김은주0": {"NTIS": "강릉원주대학교"}, "김은주1": {"KCI": "평택대학교"}, "김은주2": {"KCI": "인천과학예술영재학교 교사"}, "김은희": {"KCI": "상명대학교"}, "김의창": {"NTIS": "동국대학교(경주캠퍼스)"}, "김익현": {"SCIENCEON": "육군 교육사령부", "KCI": "육군교육사령부"}, "김인기": {"NTIS": "성균관대학교"}, "김재진": {"NTIS": "연세대학교"}, "김재훈": {"NTIS": "아주대학교"}, "김정범": {"KCI": "경동대학교"}, "김정연": {"KCI": "우송정보대학 언어치료과"}, "김정윤": {"NTIS": "가천대학교", "KCI": "가천대학교"}, "김정환": {"NTIS": "한국교통대학교"}, "김정희": {"NTIS": "가톨릭대학교(성의교정)"}, "김종국": {"SCIENCEON": "경성대학교 건축학과", "KCI": "경성대학교"}, "김종규": {"SCIENCEON": "울산대학교 교양대학", "KCI": "울산대학교"}, "김종근": {"KCI": "한국부동산원 도시재생지원처"}, "김종민": {"NTIS": "강원대학교"}, "김주연": {"NTIS": "숭실대학교", "KCI": "숭실대학교"}, "김주형": {"NTIS": "한양대학교"}, "김준형": {"NTIS": "고려대학교"}, "김준환": {"KCI": "성결대학교"}, "김준희": {"NTIS": "단국대학교"}, "김지수0": {"NTIS": "서울대학교"}, "김지수1": {"NTIS": "울산과학대학교", "KCI": "울산과학대학교"}, "김지웅": {"NTIS": "숭실대학교"}, "김지윤": {"NTIS": "울산과학기술원"}, "김지훈": {"NTIS": "가톨릭대학교(성의교정)"}, "김진모": {"NTIS": "한성대학교", "SCIENCEON": "한성대학교 컴퓨터공학부", "KCI": "한성대학교"}, "김찬주": {"NTIS": "대림대학교"}, "김창식": {"KCI": "배화여자대학교"}, "김창헌": {"NTIS": "고려대학교"}, "김태룡": {"KCI": "경희대학교"}, "김태영": {"NTIS": "청주대학교"}, "김태완": {"NTIS": "서울대학교"}, "김태욱": {"NTIS": "경북대학교 산학협력단"}, "김태은": {"KCI": "남서울대학교"}, "김태희": {"NTIS": "성균관대학교"}, "김학진": {"NTIS": "고려대학교"}, "김한종": {"NTIS": "한국산업기술대학교"}, "김현규": {"NTIS": "서울과학기술대학교"}, "김현수": {"NTIS": "단국대학교 산학협력단"}, "김현영": {"NTIS": "삼육대학교"}, "김현주": {"KCI": "한국체육대학교"}, "김현택": {"KCI": "고려대학교"}, "김형건": {"NTIS": "성균관대학교"}, "김형관": {"NTIS": "연세대학교"}, "김형기": {"NTIS": "전북대학교"}, "김형남": {"KCI": "세종대학교"}, "김형락": {"KCI": "서울신학대학교"}, "김형석": {"NTIS": "세종대학교"}, "김형섭": {"NTIS": "경희대학교산학협력단"}, "김혜란": {"KCI": "한국영상대학교 광고영상디자인학과 교수"}, "김혜영": {"NTIS": "계명대학교"}, "김혜원": {"KCI": "서울여자간호대학교"}, "김활빈": {"KCI": "강원대학교"}, "김효남": {"SCIENCEON": "청강문화산업대학교 게임콘텐츠스쿨"}, "김희영": {"KCI": "KAIST 증강현실연구센터"}, "남상훈": {"NTIS": "창원대학교"}, "남윤재": {"KCI": "경희대학교"}, "남윤진": {"KCI": "이화여자대학교 패션디자인전공"}, "남춘성": {"NTIS": "인하대학교"}, "남택진": {"NTIS": "한국과학기술원"}, "노대영": {"NTIS": "한림대학교산학협력단"}, "노병희": {"NTIS": "아주대학교산학협력단"}, "노준석": {"NTIS": "포항공과대학교"}, "노지화": {"NTIS": "부경대학교"}, "노현웅": {"NTIS": "아주대학교산학협력단"}, "량연앵": {"KCI": "호북성이공대학교 예술대학과"}, "류두진": {"NTIS": "성균관대학교"}, "류민정": {"KCI": "계명대학교"}, "류세민": {"NTIS": "한림대학교"}, "류소영": {"SCIENCEON": "고려대학교 간호대학"}, "류시현": {"NTIS": "한국체육대학교"}, "류은석": {"NTIS": "성균관대학교", "SCIENCEON": "Department of Computer Education, Sungkyunkwan University"}, "류지헌": {"SCIENCEON": "전남대학교 교육학과", "KCI": "전남대학교"}, "류창현": {"KCI": "경기대학교"}, "류호경": {"NTIS": "한양대학교"}, "마기중": {"NTIS": "을지대학교(성남캠퍼스)"}, "마예원": {"NTIS": "경남대학교"}, "마크휘태커": {"NTIS": "한국뉴욕주립대학교"}, "문보창": {"NTIS": "광주과학기술원"}, "문성용": {"NTIS": "조선대학교"}, "문인용": {"NTIS": "성균관대학교"}, "민경훈": {"KCI": "한국교원대학교"}, "민귀영": {"NTIS": "한국해양대학교"}, "민준식": {"KCI": "경동대학교"}, "박건혁": {"NTIS": "광주과학기술원"}, "박경주": {"NTIS": "중앙대학교"}, "박구만": {"SCIENCEON": "서울과학기술대학교 전자미디어IT공학과", "NTIS": "서울과학기술대학교산학협력단", "KCI": "서울과학기술대학교"}, "박대효": {"NTIS": "한양대학교산학협력단"}, "박래웅": {"NTIS": "아주대학교산학협력단"}, "박문서": {"NTIS": "서울대학교산학협력단"}, "박배호": {"NTIS": "건국대학교"}, "박범순": {"NTIS": "한국과학기술원"}, "박범진": {"NTIS": "충남대학교 산학협력단"}, "박병국": {"NTIS": "한국과학기술원"}, "박상건": {"NTIS": "이화여자대학교"}, "박상봉": {"KCI": "서울교육대학교"}, "박상현": {"KCI": "순천대학교"}, "박상훈": {"NTIS": "동국대학교"}, "박선아": {"NTIS": "강릉원주대학교"}, "박선영": {"KCI": "중앙대학교"}, "박선의": {"NTIS": "한국과학기술원"}, "박성준0": {"NTIS": "계명대학교"}, "박성준1": {"NTIS": "한국과학기술원"}, "박성준2": {"KCI": "㈜데이타리얼리티"}, "박세원": {"KCI": "천안오성초등학교"}, "박세혁": {"KCI": "홍익대학교"}, "박소미": {"NTIS": "연세대학교(원주의대)"}, "박소연": {"NTIS": "고려대학교 공학연구원"}, "박수진": {"NTIS": "연세대학교"}, "박수현": {"KCI": "연세대학교"}, "박숙경": {"NTIS": "전북대학교"}, "박승배": {"SCIENCEON": "서일대학교 산업경영학과"}, "박영규": {"SCIENCEON": "주식회사 지우정보기술"}, "박영섭": {"SCIENCEON": "(주)이노시뮬레이션"}, "박우근": {"NTIS": "울산과학기술원"}, "박우찬": {"NTIS": "세종대학교 산학협력단"}, "박은병": {"NTIS": "성균관대학교(자연과학캠퍼스)"}, "박은혜": {"KCI": "이화여자대학교"}, "박인규": {"NTIS": "한국과학기술원"}, "박재식": {"NTIS": "포항공과대학교"}, "박재연": {"KCI": "아주대학교"}, "박재영": {"NTIS": "홍익대학교"}, "박정구": {"NTIS": "고신대학교"}, "박정하": {"NTIS": "동서대학교"}, "박제진": {"NTIS": "전남대학교"}, "박종일": {"NTIS": "한양대학교"}, "박종태": {"SCIENCEON": "단국대학교 치과대학 구강해부학, 미래창의융합연구소", "KCI": "단국대학교"}, "박종희": {"NTIS": "경북대학교"}, "박주영": {"NTIS": "건양대학교"}, "박주호": {"KCI": "중원대학교 작업치료학과"}, "박주홍": {"NTIS": "포항공과대학교"}, "박지영": {"NTIS": "인제대학교(의대)"}, "박진아": {"NTIS": "한국과학기술원"}, "박진혁": {"NTIS": "순천향대학교", "SCIENCEON": "순천향대학교 의료과학대학 작업치료학과", "KCI": "순천향대학교"}, "박찬식": {"NTIS": "중앙대학교"}, "박찬욱": {"KCI": "경희대학교"}, "박창규": {"NTIS": "건국대학교산학협력단"}, "박철순": {"NTIS": "한국과학기술원"}, "박한훈": {"NTIS": "부경대학교"}, "박해정": {"NTIS": "연세대학교"}, "박현영": {"NTIS": "전남대학교"}, "박형곤": {"NTIS": "이화여자대학교산학협력단"}, "박형빈": {"KCI": "서울교육대학교"}, "박호성": {"NTIS": "전남대학교산학협력단"}, "박호현": {"NTIS": "중앙대학교"}, "박희옥": {"NTIS": "계명대학교", "SCIENCEON": "계명대학교 간호대학", "KCI": "계명대학교"}, "방건준": {"KCI": "금오공과대학교"}, "배경율": {"SCIENCEON": "상명대학교 컴퓨터과학과", "KCI": "상명대학교"}, "배석형": {"NTIS": "한국과학기술원"}, "배승종": {"NTIS": "서울대학교 산학협력단"}, "배영숙": {"NTIS": "가천대학교"}, "배종환": {"KCI": "유토비즈"}, "배준범": {"NTIS": "울산과학기술원"}, "백성욱": {"NTIS": "세종대학교"}, "백순기": {"KCI": "중원대학교"}, "백순화": {"NTIS": "백석대학교 산학협력단"}, "백승렬": {"NTIS": "울산과학기술원"}, "백승영": {"KCI": "송원대학교"}, "백종남": {"NTIS": "우석대학교", "KCI": "우석대학교"}, "변철우": {"NTIS": "원광대학교"}, "변혁": {"NTIS": "성균관대학교 산학협력단"}, "변혜원": {"NTIS": "성신여자대학교"}, "서갑열": {"KCI": "홍익대학교"}, "서경민": {"NTIS": "한국기술교육대학교", "SCIENCEON": "한국기술교육대학교", "KCI": "한국기술교육대학교"}, "서경원": {"NTIS": "서울과학기술대학교"}, "서광덕": {"NTIS": "연세대학교(미래캠퍼스)"}, "서미옥": {"KCI": "대국가톨릭대학교"}, "서상현": {"NTIS": "중앙대학교"}, "서수영": {"NTIS": "경북대학교"}, "서영지": {"KCI": "서울대학교"}, "서정민": {"KCI": "부산가톨릭대학교"}, "서종원": {"NTIS": "한양대학교"}, "서진석": {"NTIS": "동의대학교"}, "석금애": {"KCI": "고려대학교 국어국문학과"}, "석혜정": {"KCI": "아주대학교"}, "선우명훈": {"NTIS": "아주대학교"}, "설혜윤": {"NTIS": "성균관대학교"}, "성미영": {"NTIS": "인천대학교"}, "성민혁": {"NTIS": "한국과학기술원"}, "성석환": {"KCI": "장로회신학대학교"}, "셔핑숑": {"NTIS": "한국과학기술원"}, "소금현": {"KCI": "부산교육대학교"}, "소효정": {"KCI": "이화여자대학교"}, "손경락": {"NTIS": "서울대학교"}, "손미애": {"NTIS": "성균관대학교"}, "송길태": {"NTIS": "부산대학교산학협력단"}, "송명섭": {"NTIS": "서울대학교"}, "송병철": {"NTIS": "인하대학교산학협력단"}, "송복섭": {"KCI": "한밭대학교"}, "송열매": {"KCI": "호남대학교"}, "송은지": {"SCIENCEON": "남서울대학교", "KCI": "남서울대학교"}, "송재복": {"NTIS": "고려대학교산학협력단"}, "송준아": {"NTIS": "고려대학교"}, "송창근": {"NTIS": "한림대학교산학협력단"}, "송창호": {"NTIS": "삼육대학교"}, "송태진": {"NTIS": "충북대학교"}, "송특섭": {"NTIS": "목원대학교"}, "송현주": {"NTIS": "서울여자대학교"}, "신경아": {"KCI": "한양대학교"}, "신광성": {"NTIS": "원광대학교"}, "신나미": {"NTIS": "고려대학교"}, "신동윤": {"NTIS": "단국대학교"}, "신병석": {"SCIENCEON": "인하대학교 컴퓨터공학과", "KCI": "인하대학교"}, "신상근": {"KCI": "이화여자대학교"}, "신승준": {"NTIS": "한양대학교"}, "신재용": {"NTIS": "아주대학교"}, "신정민": {"NTIS": "한국기술교육대학교 첨단기술연구소", "KCI": "한국기술교육대학교 첨단기술연구소"}, "신준호": {"SCIENCEON": "전남대학교 의과대학 예방의학교실", "KCI": "전남대학교 의과대학 예방의학교실"}, "신채롱": {"KCI": "세종대학교"}, "신춘성": {"NTIS": "전남대학교"}, "신현철": {"NTIS": "광운대학교"}, "신홍철": {"KCI": "경희대학교"}, "심선화": {"KCI": "전주대학교"}, "심윤식": {"NTIS": "배재대학교"}, "심재권": {"NTIS": "고려대학교"}, "심효원": {"NTIS": "연세대학교"}, "심효윤": {"KCI": "아시아문화원"}, "안드리아": {"NTIS": "한국과학기술원"}, "안민정": {"NTIS": "전남대학교"}, "안원모": {"KCI": "홍익대학교"}, "안지아": {"KCI": "이화여자대학교 영상디자인과"}, "안태규": {"SCIENCEON": "마산대학교 작업치료과"}, "안택원": {"NTIS": "대전대학교 산학협력단"}, "안희준": {"NTIS": "서울과학기술대학교"}, "앙트완 코폴라": {"KCI": "CNRS-EHESS"}, "양보근": {"NTIS": "원이멀스"}, "양복순": {"KCI": "예수대학교간호학과"}, "양선이": {"NTIS": "건양대학교"}, "양영환": {"NTIS": "포항공과대학교"}, "양은경": {"NTIS": "연세대학교"}, "양장훈": {"NTIS": "서울미디어대학원대학교"}, "양현희": {"NTIS": "동국대학교"}, "양희진": {"KCI": "인천대학교"}, "엄정섭": {"NTIS": "경북대학교"}, "여도현": {"NTIS": "광주과학기술원"}, "여상석": {"NTIS": "단국대학교(천안캠퍼스)"}, "여지영": {"NTIS": "한양대학교"}, "여지호": {"NTIS": "한남대학교"}, "오경수": {"NTIS": "숭실대학교"}, "오범석": {"NTIS": "경상국립대학교"}, "오석진": {"SCIENCEON": "호남대학교 토목환경공학과", "KCI": "호남대학교"}, "오수정": {"KCI": "Queen Mary University of London"}, "오재우": {"NTIS": "건양대학교"}, "오정미": {"NTIS": "서울대학교 산학협력단"}, "오정아": {"NTIS": "가천대학교"}, "오주영": {"NTIS": "연세대학교 산학협력단(의료원)"}, "오태원": {"KCI": "호남대학교 산업디자인학과"}, "오혜원": {"SCIENCEON": "우석대학교 작업치료학과", "KCI": "우석대학교"}, "오희석": {"NTIS": "한성대학교"}, "옥민욱": {"KCI": "대구대학교"}, "옥지원": {"NTIS": "동명대학교"}, "용호성": {"KCI": "국민대학교"}, "우성호": {"KCI": "숙명여자대학교"}, "원영신": {"KCI": "연세대학교"}, "원용협": {"NTIS": "한국과학기술원"}, "유미0": {"NTIS": "경상대학교"}, "유미1": {"KCI": "서울예술대학교"}, "유선진": {"NTIS": "창원대학교"}, "유승현": {"NTIS": "연세대학교(미래캠퍼스)"}, "유용재": {"NTIS": "포항공과대학교"}, "유원준": {"KCI": "영남대학교"}, "유은영": {"KCI": "연세대학교"}, "유일선": {"NTIS": "동덕여자대학교"}, "유재명": {"NTIS": "금오공과대학교"}, "유재용": {"NTIS": "조선대학교"}, "유정민": {"KCI": "한국전통문화대학교"}, "유제광": {"NTIS": "동국대학교", "KCI": "동국대학교"}, "유태경": {"SCIENCEON": "중앙대학교 예술공학대학 컴퓨터예술학부", "KCI": "중앙대학교"}, "유현식": {"KCI": "컬쳐커넥션"}, "윤경로": {"NTIS": "건국대학교산학협력단"}, "윤상민": {"NTIS": "국민대학교"}, "윤상철": {"NTIS": "대전대학교"}, "윤성민": {"NTIS": "인천대학교"}, "윤용욱": {"NTIS": "한국항공대학교"}, "윤용익": {"NTIS": "숙명여자대학교"}, "윤정원": {"NTIS": "광주과학기술원"}, "윤제이": {"KCI": "숭실대학교 글로벌미디어학부"}, "윤종철": {"NTIS": "강원대학교"}, "윤준희": {"KCI": "한국건설기술연구원"}, "윤지은": {"KCI": "상명대학교 글로벌문화예술교육연구소"}, "윤지훈": {"NTIS": "서울과학기술대학교산학협력단"}, "윤태진": {"SCIENCEON": "경운대학교 항공소프트웨어공학과"}, "윤태훈": {"NTIS": "부산대학교"}, "윤현수": {"NTIS": "원광대학교"}, "윤형철0": {"NTIS": "충북대학교"}, "윤형철1": {"KCI": "총신대학교"}, "윤혜경": {"NTIS": "춘천교육대학교"}, "윤혜영0": {"NTIS": "계명대학교"}, "윤혜영1": {"KCI": "가톨릭대학교"}, "윤효석": {"NTIS": "한신대학교"}, "은광하": {"KCI": "상명대학교"}, "이 선 정": {"KCI": "국민대학교 테크노디자인전문대학원 공간문화디자인학과 교수"}, "이 채 원": {"KCI": "아트센터나비 교육팀 연구원"}, "이강훈": {"NTIS": "광운대학교"}, "이경민": {"NTIS": "서울대학교"}, "이경아": {"KCI": "배재대학교"}, "이경은": {"NTIS": "동명대학교"}, "이경환": {"NTIS": "공주대학교"}, "이경훈0": {"NTIS": "고려대학교", "SCIENCEON": "고려대 건축학과", "KCI": "고려대학교"}, "이경훈1": {"KCI": "국민대학교"}, "이규복": {"KCI": "한양대학교"}, "이근형": {"NTIS": "인하대학교"}, "이기욱": {"NTIS": "중앙대학교산학협력단"}, "이기혁": {"NTIS": "한국과학기술원"}, "이다니엘": {"KCI": "중앙대학교"}, "이다운": {"KCI": "군산대학교"}, "이덕종": {"NTIS": "연세대학교"}, "이동구": {"NTIS": "경상대학교"}, "이동국": {"SCIENCEON": "충북교육정책연구소", "KCI": "충북교육정책연구소"}, "이동민": {"NTIS": "서울시립대학교"}, "이동준": {"NTIS": "서울대학교산학협력단"}, "이동천": {"NTIS": "세종대학교"}, "이동혁": {"NTIS": "서울대학교"}, "이명규": {"NTIS": "서울대학교"}, "이명식": {"KCI": "동국대학교"}, "이명원": {"NTIS": "수원대학교산학협력단", "SCIENCEON": "수원대학교 컴퓨터학부", "KCI": "수원대학교"}, "이명진": {"NTIS": "한국항공대학교"}, "이미영": {"NTIS": "대구한의대학교"}, "이병권": {"SCIENCEON": "서원대학교 멀티미디어학과"}, "이병호": {"NTIS": "서울대학교"}, "이봉식": {"KCI": "월산초등학교"}, "이상용": {"KCI": "경남대학교"}, "이상욱": {"NTIS": "경북대학교"}, "이상원0": {"NTIS": "연세대학교", "KCI": "연세대학교 생활과학대학 생활디자인학과 교수"}, "이상원1": {"NTIS": "성균관대학교 산학협력단"}, "이상윤": {"NTIS": "연세대학교 산학협력단"}, "이상화": {"KCI": "서원대학교"}, "이상훈0": {"NTIS": "연세대학교"}, "이상훈1": {"SCIENCEON": "서울시립대학교 건축공학과"}, "이석영": {"NTIS": "순천향대학교"}, "이석한": {"NTIS": "성균관대학교"}, "이석희": {"KCI": "남서울대학교"}, "이성길": {"NTIS": "성균관대학교"}, "이성희": {"NTIS": "한국과학기술원"}, "이송희": {"KCI": "전남대학교"}, "이수정": {"NTIS": "동명대학교"}, "이수진": {"KCI": "세종대학교"}, "이슬찬": {"NTIS": "경상대학교"}, "이승길": {"KCI": "남서울대학교"}, "이승무": {"NTIS": "한국예술종합학교 산학협력단"}, "이승민": {"NTIS": "남서울대학교"}, "이승표": {"NTIS": "서울대학교산학협력단"}, "이승현": {"NTIS": "광운대학교산학협력단"}, "이승희": {"NTIS": "전북대학교"}, "이연도": {"KCI": "중앙대학교"}, "이영두": {"NTIS": "울산대학교"}, "이영란0": {"KCI": "조선대학교"}, "이영란1": {"KCI": "숙명여자대학교"}, "이영수": {"SCIENCEON": "순천향대학교 한국문화콘텐츠학과", "KCI": "순천향대학교"}, "이영은": {"KCI": "서울과학기술대학교 디자인학과"}, "이영준": {"NTIS": "한국교원대학교"}, "이영진": {"KCI": "경일대학교"}, "이영한": {"NTIS": "연세대학교"}, "이영호": {"NTIS": "목포대학교"}, "이예훈": {"NTIS": "서울과학기술대학교"}, "이용국": {"SCIENCEON": "동아대학교", "KCI": "동아대학교"}, "이용업": {"NTIS": "한림대학교"}, "이운형": {"KCI": "인천대학교 디자인학부"}, "이웅규": {"KCI": "안동대학교 LINC+사업단"}, "이유미": {"NTIS": "서울대학교"}, "이윤길": {"NTIS": "호서대학교"}, "이윤정": {"SCIENCEON": "고려대학교 가정교육과"}, "이윤희": {"KCI": "선문대학교"}, "이융희": {"KCI": "청강문화산업대학교"}, "이은섭": {"KCI": "을지대학교"}, "이은아": {"KCI": "서울대학교"}, "이은주": {"NTIS": "계명대학교"}, "이은희": {"NTIS": "한림대학교"}, "이의진": {"NTIS": "서울과학기술대학교", "SCIENCEON": "서울과학기술대학교"}, "이의철": {"NTIS": "상명대학교산학협력단"}, "이익성": {"NTIS": "순천향대학교"}, "이인권": {"NTIS": "연세대학교"}, "이인아": {"NTIS": "서울대학교"}, "이인주": {"KCI": "강원대학교"}, "이재구": {"NTIS": "국민대학교산학협력단"}, "이재기": {"NTIS": "남서울대학교"}, "이재민": {"NTIS": "금오공과대학교산학협력단"}, "이재범": {"NTIS": "울산과학기술원"}, "이재열": {"NTIS": "전남대학교산학협력단"}, "이재영": {"SCIENCEON": "(주)케이쓰리아이 XR비전기술연구소", "KCI": "(주)케이쓰리아이"}, "이정미0": {"NTIS": "한국과학기술원"}, "이정미1": {"SCIENCEON": "조선간호대학교 간호학과", "KCI": "조선간호대학교"}, "이정민": {"NTIS": "이화여자대학교"}, "이정진": {"NTIS": "숭실대학교"}, "이정훈": {"NTIS": "신한대학교"}, "이제희": {"NTIS": "서울대학교 산학협력단"}, "이종재": {"NTIS": "세종대학교"}, "이종철": {"NTIS": "강릉원주대학교"}, "이종한": {"KCI": "호서대학교"}, "이종헌": {"SCIENCEON": "숭실대학교 전자정보공학부"}, "이종호": {"NTIS": "서울대학교"}, "이주헌": {"NTIS": "서울대학교"}, "이주현": {"NTIS": "한양대학교(ERICA캠퍼스)"}, "이주형": {"KCI": "부산대학교"}, "이준복": {"KCI": "서경대학교"}, "이지민": {"KCI": "세명대학교"}, "이지연": {"KCI": "한국교원대학교"}, "이지영": {"KCI": "충북대학교"}, "이지은": {"SCIENCEON": "한성대학교 IT융합공학부", "KCI": "한성대학교"}, "이지혜0": {"SCIENCEON": "울산과학대학교 간호학과", "KCI": "울산과학대학교"}, "이지혜1": {"KCI": "부산대학교"}, "이지혜2": {"KCI": "한양대학교"}, "이진국": {"NTIS": "연세대학교"}, "이진영": {"NTIS": "세종대학교"}, "이찬식": {"SCIENCEON": "인천대학교 도시건축학부"}, "이창열": {"NTIS": "광주과학기술원"}, "이채은": {"NTIS": "인하대학교"}, "이충호": {"SCIENCEON": "한밭대학교"}, "이태수0": {"KCI": "전남대학교"}, "이태수1": {"KCI": "독립연구자"}, "이태억": {"NTIS": "한국과학기술원"}, "이태엽": {"KCI": "한국가스공사 가스연구원"}, "이현구": {"NTIS": "숙명여자대학교"}, "이현민": {"NTIS": "호남대학교"}, "이현정": {"KCI": "고려대학교 문화유산학협동과정"}, "이형근": {"NTIS": "한국항공대학교"}, "이형철": {"KCI": "광운대학교"}, "이혜정": {"NTIS": "연세대학교"}, "이호원": {"NTIS": "한경대학교"}, "이호준": {"KCI": "육군 분석평가단"}, "이효영": {"KCI": "부산외국어대학교"}, "인치훈": {"NTIS": "연세대학교"}, "임수연": {"KCI": "경북대학교"}, "임인성": {"NTIS": "서강대학교"}, "임장훈": {"KCI": "유원(U1)대학교"}, "임정혜": {"KCI": "창신대학교"}, "임종우": {"NTIS": "한양대학교"}, "임중연": {"NTIS": "동국대학교"}, "임진이": {"KCI": "한국복지대학교"}, "임태형": {"NTIS": "전남대학교"}, "임현미": {"NTIS": "계명대학교"}, "임현성": {"NTIS": "을지대학교(성남캠퍼스)"}, "임효택": {"NTIS": "동서대학교"}, "임희주": {"KCI": "단국대학교"}, "장동련": {"KCI": "홍익대학교"}, "장명훈": {"NTIS": "제주대학교"}, "장선희": {"SCIENCEON": "상명대학교 감성공학과", "KCI": "상명대학교"}, "장성갑": {"KCI": "중앙대학교"}, "장순각": {"KCI": "한양대학교"}, "장우혁": {"NTIS": "강원대학교(삼척캠퍼스)"}, "장윤희": {"NTIS": "대구경북과학기술원"}, "장은희": {"NTIS": "고려대학교"}, "장재은": {"NTIS": "대구경북과학기술원"}, "장정현": {"KCI": "경기대학교 콘텐츠융합소프트웨어연구소"}, "장해나": {"NTIS": "인제대학교(의대)"}, "전긍": {"KCI": "국민대학교"}, "전민용": {"NTIS": "충남대학교"}, "전병우": {"NTIS": "성균관대학교(자연과학캠퍼스)"}, "전상훈": {"NTIS": "한국과학기술원"}, "전석주": {"SCIENCEON": "서울교육대학교 컴퓨터교육과"}, "전석희": {"NTIS": "경희대학교(국제캠퍼스)"}, "전세명": {"KCI": "신정초등학교"}, "전영목": {"NTIS": "아주대학교"}, "전영한": {"KCI": "서울삼광초등학교"}, "전원희": {"NTIS": "계명대학교"}, "전재희": {"NTIS": "강릉원주대학교"}, "전정희": {"NTIS": "동명대학교"}, "전진용": {"NTIS": "한양대학교"}, "전해찬": {"KCI": "안양대학교"}, "정 희 형": {"KCI": "연성대학교 시각디자인과 겸임교수"}, "정경훈": {"KCI": "아주대학교"}, "정광수": {"NTIS": "광운대학교"}, "정구철": {"KCI": "한국기술교육대학교"}, "정규만": {"NTIS": "대구대학교산학협력단"}, "정기영": {"NTIS": "서울대학교"}, "정동화": {"NTIS": "가톨릭대학교"}, "정동훈": {"KCI": "광운대학교"}, "정동휘": {"NTIS": "고려대학교"}, "정미란": {"NTIS": "백석대학교"}, "정미숙": {"KCI": "가톨릭관동대학교"}, "정민혁": {"NTIS": "서울대학교"}, "정병선": {"NTIS": "이화여자대학교"}, "정석률": {"NTIS": "차의과학대학교"}, "정석호": {"NTIS": "창원대학교"}, "정성원": {"NTIS": "세종대학교"}, "정성택": {"NTIS": "한국산업기술대학교"}, "정수경": {"NTIS": "원광대학교"}, "정숙희": {"NTIS": "남부대학교산학협력단"}, "정승원": {"NTIS": "고려대학교"}, "정승은": {"SCIENCEON": "한국교통대학교 간호학과", "KCI": "한국교통대학교"}, "정영규": {"KCI": "협성대학교"}, "정옥희": {"KCI": "목원대학교"}, "정원기": {"NTIS": "고려대학교"}, "정은경": {"KCI": "이화여자대학교"}, "정은영0": {"NTIS": "원광대학교"}, "정은영1": {"KCI": "국군간호사관학교"}, "정은주": {"NTIS": "한양대학교"}, "정의준": {"KCI": "건국대학교"}, "정인철": {"NTIS": "대전대학교 산학협력단"}, "정재훈": {"KCI": "가야대학교"}, "정정일": {"NTIS": "피씨티"}, "정정희": {"NTIS": "경성대학교"}, "정종문": {"NTIS": "연세대학교 산학협력단"}, "정지연": {"KCI": "홍익대학교"}, "정지윤": {"NTIS": "강원대학교"}, "정진욱": {"NTIS": "동국대학교"}, "정진헌": {"KCI": "동국대학교"}, "정천기": {"NTIS": "서울대학교"}, "정태선": {"NTIS": "아주대학교산학협력단"}, "정태섭": {"KCI": "청운대학교"}, "정하형0": {"SCIENCEON": "CoreSense, Inc."}, "정하형1": {"KCI": "한국전자기술연구원"}, "정해용": {"KCI": "강원대학교"}, "정해준": {"NTIS": "숭실대학교 산학협력단"}, "정현민": {"NTIS": "서울대학교"}, "정형석": {"NTIS": "경남대학교"}, "정형원": {"NTIS": "광운대학교"}, "정혜경": {"NTIS": "건국대학교 GLOCAL(글로컬)캠퍼스"}, "정혜선": {"SCIENCEON": "한림대학교 심리학과", "KCI": "한림대학교"}, "제승우": {"NTIS": "한국과학기술원"}, "조규진": {"NTIS": "서울대학교"}, "조근호": {"NTIS": "서경대학교"}, "조기혁": {"NTIS": "울산과학기술원"}, "조동식": {"NTIS": "울산대학교"}, "조면균": {"NTIS": "세명대학교"}, "조민정": {"NTIS": "인하대학교"}, "조보라미": {"KCI": "영남대학교"}, "조상우": {"NTIS": "계명대학교"}, "조성용": {"NTIS": "명지대학교"}, "조세홍": {"SCIENCEON": "한성대학교 컴퓨터공학부 디지털콘텐츠.가상현실트랙", "KCI": "한성대학교"}, "조연재": {"NTIS": "동아대학교"}, "조영복": {"SCIENCEON": "대전대학교"}, "조영신": {"KCI": "연세대학교 간호대학 대학원생 ․ 4단계 두뇌한국(BK)21 S-L.E.A.P 미래간호인재 교육연구단"}, "조옥희": {"SCIENCEON": "상명대학교 애니메이션 전공", "KCI": "상명대학교"}, "조용락": {"NTIS": "동아대학교"}, "조용수": {"NTIS": "중앙대학교"}, "조정희": {"KCI": "부산교육대학교"}, "조제원": {"NTIS": "이화여자대학교"}, "조준호": {"NTIS": "연세대학교"}, "조지영": {"NTIS": "경희대학교"}, "조창옥": {"KCI": "대한장애인체육회"}, "조혜경": {"KCI": "경희대학교"}, "조혜은": {"KCI": "광주여자대학교 치위생학과"}, "조희경": {"KCI": "수원여자대학교"}, "조희원": {"KCI": "동양사회복지연구회"}, "조힘찬": {"NTIS": "한국과학기술원"}, "주경돈": {"NTIS": "울산과학기술원"}, "주성준": {"NTIS": "부산대학교"}, "주양준": {"NTIS": "서울대학교"}, "주의종": {"NTIS": "고려대학교"}, "주재흠": {"KCI": "부산가톨릭대학교"}, "주현식": {"KCI": "한국교원대학교 융합교육연구소"}, "지경하": {"NTIS": "충남대학교"}, "지석호": {"NTIS": "서울대학교"}, "지은주": {"NTIS": "가톨릭관동대학교"}, "진성아": {"NTIS": "성결대학교"}, "진승현": {"KCI": "호서대학교"}, "진승희": {"NTIS": "이화여자대학교 영미학융합연구소", "KCI": "이화여자대학교"}, "차상육": {"KCI": "경북대학교"}, "차영란": {"KCI": "수원대학교"}, "차현규": {"NTIS": "중부대학교"}, "채덕희": {"NTIS": "전남대학교"}, "채민정": {"KCI": "조선간호대학교"}, "채성원": {"NTIS": "고려대학교"}, "채성호": {"NTIS": "광운대학교"}, "채윤병": {"NTIS": "경희대학교"}, "천성우": {"NTIS": "고려대학교세종캠퍼스"}, "최계영": {"NTIS": "경남정보대학교"}, "최광연": {"NTIS": "충남대학교병원"}, "최남기": {"SCIENCEON": "전남대학교 치의학전문대학원 소아치과학교실", "KCI": "전남대학교"}, "최동구": {"NTIS": "포항공과대학교"}, "최동수": {"NTIS": "세명대학교"}, "최명걸": {"NTIS": "가톨릭대학교"}, "최모나": {"NTIS": "연세대학교"}, "최민규": {"NTIS": "광운대학교"}, "최병구": {"KCI": "경상국립대학교"}, "최부헌": {"KCI": "호원대학교"}, "최성운": {"KCI": "순천향대학교"}, "최성철": {"NTIS": "부경대학교"}, "최수미": {"NTIS": "세종대학교 산학협력단"}, "최수웅": {"KCI": "단국대학교"}, "최승문": {"NTIS": "포항공과대학교"}, "최승연": {"KCI": "고려대학교 세종교양교육원"}, "최아영": {"NTIS": "가천대학교"}, "최영준": {"NTIS": "청주대학교"}, "최예림": {"KCI": "서울여자대학교"}, "최용근": {"NTIS": "단국대학교"}, "최용수": {"NTIS": "신한대학교"}, "최유미": {"KCI": "이화여자대학교"}, "최인묵": {"KCI": "광주여자대학교"}, "최재우": {"NTIS": "경희대학교"}, "최재혁": {"NTIS": "성균관대학교산학협력단"}, "최정우": {"NTIS": "한국과학기술원"}, "최정호": {"KCI": "경남대학교"}, "최종인": {"NTIS": "서울여자대학교"}, "최준": {"NTIS": "고려대학교 산학협력단"}, "최준호": {"NTIS": "부경대학교"}, "최지훈": {"NTIS": "한국항공대학교"}, "최철": {"KCI": "한국교원대학교"}, "최태준": {"KCI": "한국폴리텍Ⅳ대학"}, "최판암": {"KCI": "경남대학교"}, "최혁두": {"NTIS": "순천향대학교"}, "최호명": {"NTIS": "경북대학교"}, "최효성": {"NTIS": "한양대학교"}, "최희진": {"NTIS": "세종대학교"}, "추승연": {"KCI": "경북대학교"}, "추현승": {"NTIS": "성균관대학교(자연과학캠퍼스)"}, "태효식0": {"KCI": "다원컴퓨팅"}, "태효식1": {"KCI": "공주대학교"}, "하동환": {"NTIS": "중앙대학교 산학협력단"}, "하영선": {"NTIS": "경일대학교"}, "하호건": {"NTIS": "대구경북과학기술원"}, "한경근": {"KCI": "단국대학교"}, "한경민": {"NTIS": "이화여자대학교"}, "한경훈": {"NTIS": "부산대학교", "KCI": "부산대학교"}, "한기성": {"NTIS": "고려대학교"}, "한다성": {"SCIENCEON": "한동대학교", "KCI": "한동대학교"}, "한동균": {"KCI": "서울교육대학교"}, "한동숭": {"NTIS": "전주대학교산학협력단"}, "한동호": {"KCI": "경성대학교 경찰행정학과", "SCIENCEON": "경성대학교 경찰행정학과", "NTIS": "경성대학교"}, "한상수": {"NTIS": "순천향대학교"}, "한상욱": {"NTIS": "한양대학교"}, "한상훈": {"NTIS": "연세대학교"}, "한수정": {"NTIS": "건양대학교"}, "한영수": {"SCIENCEON": "인하대학교 조선해양공학과 대학원", "KCI": "인하대학교"}, "한예지": {"NTIS": "가천대학교"}, "한정엽": {"NTIS": "홍익대학교 산학협력단", "KCI": "홍익대학교"}, "한정원": {"NTIS": "경희대학교"}, "한정현": {"NTIS": "고려대학교산학협력단"}, "한종기": {"NTIS": "세종대학교 산학협력단"}, "한태우": {"KCI": "우송대학교"}, "한혜정": {"KCI": "신라대학교"}, "함승호": {"NTIS": "창원대학교"}, "함영주": {"KCI": "총신대학교"}, "함주일": {"KCI": "대구과학대학교"}, "허명행": {"NTIS": "을지대학교"}, "허명현": {"NTIS": "숭실대학교"}, "허보윤": {"NTIS": "건양대학교"}, "허여울": {"NTIS": "가톨릭관동대학교"}, "허지원": {"NTIS": "고려대학교"}, "허혜경": {"NTIS": "연세대학교(원주의대)"}, "현경예": {"KCI": "동의대학교"}, "현대원": {"SCIENCEON": "서강대학교 지식융합학부", "KCI": "서강대학교"}, "홍기돈": {"KCI": "가톨릭대학교"}, "홍기훈": {"NTIS": "홍익대학교"}, "홍민": {"NTIS": "순천향대학교"}, "홍성광": {"NTIS": "한림대학교"}, "홍성균": {"NTIS": "우석대학교"}, "홍성혁": {"SCIENCEON": "백석대학교 스마트IT공학부", "KCI": "백석대학교"}, "홍승완": {"NTIS": "인하대학교"}, "홍우평": {"NTIS": "건국대학교"}, "홍재성": {"NTIS": "대구경북과학기술원"}, "홍준희": {"NTIS": "가천대학교"}, "홍진승": {"KCI": "인하대학교"}, "홍철호": {"NTIS": "중앙대학교"}, "홍현기": {"NTIS": "중앙대학교"}, "홍형기": {"KCI": "서울과학기술대학교"}, "홍화정": {"NTIS": "서울대학교"}, "황민철": {"NTIS": "상명대학교"}, "황보택근": {"NTIS": "가천대학교 산학협력단"}, "황성주": {"NTIS": "이화여자대학교 산학협력단"}, "황성준": {"KCI": "수원과학대학교"}, "황영광": {"NTIS": "한국과학기술원"}, "황윤성": {"KCI": "대전지역인적자원개발위원회"}, "황정민": {"NTIS": "서울대학교"}, "황진희": {"KCI": "성결대학교"}}