{"강마루": {"NTIS": "광주대학교"}, "강부병": {"KCI": "우송대학교"}, "강석원": {"SCIENCEON": "한국철도기술연구원 신교통연구본부", "KCI": "한국철도기술연구원"}, "강이석": {"SCIENCEON": "충남대학교 기계설계공학과", "KCI": "충남대학교"}, "강주석": {"NTIS": "충주대학교 증평캠퍼스", "KCI": "한국교통대학교"}, "강철구": {"NTIS": "건국대학교"}, "강충길": {"NTIS": "부산대학교"}, "곽문규": {"NTIS": "동국대학교"}, "구본용": {"NTIS": "군산대학교"}, "구자춘": {"NTIS": "성균관대학교(자연과학캠퍼스)"}, "구정서": {"NTIS": "서울과학기술대학교", "SCIENCEON": "서울과학기술대학교 철도차량시스템공학과", "KCI": "서울과학기술대학교"}, "권영주": {"KCI": "홍익대학교"}, "금동석": {"NTIS": "한국과학기술원"}, "김경수": {"NTIS": "한국과학기술원", "KCI": "한국과학기술원"}, "김광석": {"SCIENCEON": "인하공업전문대학 자동차과", "KCI": "인하공업전문대학"}, "김광준": {"NTIS": "한국과학기술원"}, "김기선": {"KCI": "공주대학교"}, "김기운": {"SCIENCEON": "금호타이어 중앙연구소", "KCI": "금호타이어"}, "김기정": {"SCIENCEON": "충남대학교 메카트로닉스공학과"}, "김도현": {"KCI": "한양대학교"}, "김명호": {"KCI": "한국원자력연구원"}, "김민수": {"SCIENCEON": "한국철도기술연구원", "KCI": "한국철도기술연구원"}, "김석원": {"SCIENCEON": "한국철도기술연구원 고속철도연구팀", "KCI": "한국철도기술연구원 고속철도연구팀"}, "김성수": {"SCIENCEON": "충남대학교 메카트로닉스공학과", "KCI": "충남대학교"}, "김성한": {"NTIS": "동아대학교"}, "김세광": {"KCI": "서정대학교"}, "김승준": {"NTIS": "대전대학교"}, "김영렬": {"KCI": "(주)진우에스엠씨 EV개발센터"}, "김영배": {"NTIS": "전남대학교"}, "김영철": {"SCIENCEON": "Dept. of Electronics Eng., Chungbuk National University", "KCI": "충북대학교"}, "김영춘": {"NTIS": "공주대학교"}, "김영현": {"SCIENCEON": "현대중공업 건설장비연구소"}, "김용환": {"KCI": "충남대학교"}, "김재관": {"SCIENCEON": "한화시스템(주) 지상시스템팀", "KCI": "한화시스템(주) 지상시스템팀"}, "김재환": {"NTIS": "인하대학교"}, "김정석": {"KCI": "한국철도기술연구원"}, "김정태": {"SCIENCEON": "Department of Mechanical System Design Engineering, Hongik University", "KCI": "홍익대학교"}, "김진성": {"SCIENCEON": "한국철도기술연구원"}, "김철": {"NTIS": "부산대학교"}, "김태윤": {"KCI": "부산대학교"}, "김학구": {"KCI": "서울대학교"}, "김학일": {"NTIS": "인하대학교"}, "김현진": {"NTIS": "서울대학교산학협력단"}, "김형우": {"SCIENCEON": "한국해양과학기술원 부설 선박해양플랜트연구소 해양플랜트산업기술센터", "KCI": "한국해양과학기술원"}, "김홍준": {"NTIS": "대전대학교"}, "김효준": {"KCI": "강원대학교"}, "김희철": {"SCIENCEON": "광주대학교 컴퓨터공학과", "KCI": "광주대학교"}, "나재원": {"NTIS": "원광대학교"}, "나종화": {"NTIS": "한국항공대학교 산학협력단"}, "남강현": {"NTIS": "영남대학교"}, "노주현": {"KCI": "현대로템"}, "류근": {"KCI": "한양대학교"}, "문준": {"NTIS": "한양대학교"}, "박강": {"KCI": "명지대학교"}, "박노철": {"NTIS": "연세대학교 산학협력단"}, "박명관": {"NTIS": "부산대학교"}, "박문호": {"SCIENCEON": "(주)진우에스엠씨", "KCI": "(주)진우에스엠씨"}, "박성준": {"SCIENCEON": "금호타이어 기술연구소"}, "박성진": {"NTIS": "홍익대학교"}, "박신석": {"SCIENCEON": "Mechanical Engineering, Korea University", "KCI": "고려대학교"}, "박영진": {"NTIS": "한국과학기술원"}, "박윤식": {"NTIS": "한국과학기술원"}, "박장현": {"NTIS": "한양대학교산학협력단"}, "박재용": {"SCIENCEON": "현대자동차 연구개발본부", "KCI": "현대자동차"}, "박정수": {"SCIENCEON": "국방과학연구소 제1기술연구본부", "KCI": "국방과학연구소"}, "박정식": {"KCI": "동양이화"}, "박지혁": {"NTIS": "영남대학교"}, "박태원": {"NTIS": "아주대학교", "SCIENCEON": "아주대학교 기계공학부", "KCI": "아주대학교 기계공학과"}, "박형규": {"NTIS": "울산대학교"}, "부광석": {"NTIS": "인제대학교"}, "성상경": {"NTIS": "건국대학교"}, "손기모": {"SCIENCEON": "현대자동차"}, "손정현": {"NTIS": "부경대학교", "KCI": "부경대학교"}, "송문석": {"SCIENCEON": "한국교통대학교 철도차량시스템공학과", "KCI": "한국교통대학교"}, "송현우": {"KCI": "성균관대학교"}, "신규재": {"NTIS": "부산외국어대학교"}, "신동호": {"KCI": "한국기술교육대학교"}, "신동훈": {"NTIS": "숙명여자대학교"}, "신종호": {"NTIS": "충북대학교"}, "심형보": {"NTIS": "서울대학교"}, "안다훈": {"SCIENCEON": "한국철도기술연구원 차세대철도차량본부", "KCI": "한국철도기술연구원 차세대철도차량본부"}, "안미치코": {"NTIS": "충남대학교"}, "안성훈": {"NTIS": "서울대학교"}, "안창선": {"NTIS": "부산대학교 산학협력단"}, "양경덕": {"KCI": "(주)한얼솔루션"}, "양석조": {"SCIENCEON": "충남대학교 메카트로닉스공학과", "KCI": "충남대학교"}, "양인범": {"SCIENCEON": "순천향대학교 스마트자동차학과", "KCI": "순천향대학교"}, "오광교": {"NTIS": "순천대학교"}, "오기용": {"NTIS": "중앙대학교"}, "오상훈": {"SCIENCEON": "국방과학연구소 제1기술연구본부", "KCI": "국방과학연구소 연구원"}, "오철": {"KCI": "한양대학교"}, "오현석": {"SCIENCEON": "서울과학기술대학교 철도차량시스템공학과", "KCI": "서울과학기술대학교"}, "우승민": {"SCIENCEON": "대경정공(주)", "KCI": "대경정공(주)"}, "유승한": {"NTIS": "한국기술교육대학교", "SCIENCEON": "한국기술교육대학교 기계공학부", "KCI": "한국기술교육대학교"}, "유완석": {"SCIENCEON": "부산대학교 기계공학부", "KCI": "부산대학교"}, "유찬학": {"KCI": "한국교통안전공단"}, "윤소중": {"SCIENCEON": "자동차부품연구원"}, "이경수": {"SCIENCEON": "서울대학교 차량동역학 및 제어연구실", "KCI": "서울대학교"}, "이관수": {"NTIS": "한양대학교"}, "이광수": {"SCIENCEON": "자동차부품연구원 자율주행기술연구센터", "KCI": "자동차부품연구원"}, "이대옥": {"SCIENCEON": "국방과학연구소", "KCI": "국방과학연구소"}, "이동준": {"NTIS": "서울대학교"}, "이봉현": {"SCIENCEON": "자동차부품연구원"}, "이상호": {"KCI": "현대자동차"}, "이순걸": {"NTIS": "경희대학교산학협력단"}, "이승준": {"NTIS": "동국대학교"}, "이우근": {"SCIENCEON": "과학기술연합대학원대학교", "KCI": "과학기술연합대학원대학교"}, "이은덕": {"SCIENCEON": "교통안전공단 자동차안전연구원"}, "이장명": {"NTIS": "부산대학교산학협력단"}, "이재천": {"NTIS": "계명대학교"}, "이종민": {"SCIENCEON": "Department of Levitation and Linear Drive, KIMM(Korea Institude Machinery and Materials)", "KCI": "한국기계연구원"}, "이지홍": {"SCIENCEON": "충남대학교 메카트로닉스 공학과", "KCI": "충남대학교"}, "이진희": {"SCIENCEON": "아주대학교 기계공학부", "KCI": "아주대학교"}, "이찬": {"NTIS": "영남대학교"}, "이찬화": {"NTIS": "세종대학교"}, "이창건": {"NTIS": "서울대학교"}, "이태섭": {"KCI": "한동대학교"}, "이형철": {"SCIENCEON": "한양대학교 전기생체공학부", "KCI": "한양대학교", "NTIS": "한양대학교산학협력단"}, "임성진": {"KCI": "서울과학기술대학교"}, "임홍재": {"SCIENCEON": "국민대학교 자동차공학과"}, "장강원": {"NTIS": "세종대학교"}, "장경영": {"NTIS": "한양대학교"}, "장국진": {"SCIENCEON": "현대NGV 기술개발팀"}, "장대성": {"NTIS": "한국항공대학교"}, "장명언": {"SCIENCEON": "국방과학연구소 제5기술연구본부", "KCI": "국방과학연구소"}, "장봉춘": {"NTIS": "안동대학교"}, "장영재": {"NTIS": "한국과학기술원"}, "장홍래": {"NTIS": "창원대학교"}, "전성식": {"NTIS": "공주대학교"}, "전의식": {"NTIS": "공주대학교산학협력단"}, "전창성": {"KCI": "한국철도기술연구원"}, "정기범": {"SCIENCEON": "Graduate School of Mechanical Engineering, Ajou University", "KCI": "아주대학교"}, "정길도": {"KCI": "전북대학교"}, "정운창": {"NTIS": "호남대학교"}, "정재일": {"NTIS": "한양대학교산학협력단"}, "정정주": {"NTIS": "한양대학교산학협력단"}, "정진태": {"NTIS": "한양대학교(ERICA캠퍼스)"}, "정태건": {"KCI": "건국대학교"}, "정현승": {"KCI": "한국철도기술연구원"}, "정호열": {"NTIS": "영남대학교"}, "조병관": {"SCIENCEON": "한국기술교육대학교 기계공학부", "KCI": "한국기술교육대학교"}, "조선호": {"NTIS": "한성대학교산학협력단"}, "조현직": {"KCI": "현대로템"}, "주상현": {"SCIENCEON": "국방과학연구소 제5기술연구본부", "KCI": "국방과학연구소"}, "차석원": {"NTIS": "서울대학교산학협력단"}, "최규재": {"SCIENCEON": "군산대학교 기계자동차공학부"}, "최돈범": {"KCI": "한국철도기술연구원"}, "최병재": {"NTIS": "대구대학교"}, "최상현": {"KCI": "한국교통대학교"}, "최성훈": {"SCIENCEON": "한국철도기술연구원 고속열차연구팀", "KCI": "한국철도기술연구원"}, "최세범": {"SCIENCEON": "한국과학기술원 기계공학과", "KCI": "한국과학기술원"}, "최수민": {"NTIS": "서울대학교 정밀기계설계공동연구소"}, "최승복": {"SCIENCEON": "Mechanical Engineering of Inha University"}, "최윤호": {"NTIS": "경기대학교"}, "최재웅": {"SCIENCEON": "서울대학교 기계공학부", "KCI": "서울대학교"}, "최정현": {"NTIS": "대구경북과학기술원"}, "탁태오": {"NTIS": "강원대학교산학협력단"}, "탁한호": {"KCI": "경남과학기술대학교"}, "하윤도": {"NTIS": "군산대학교"}, "하정호": {"SCIENCEON": "한국기술교육대학교 기계정보공학부", "KCI": "한국기술교육대학교"}, "한경석": {"NTIS": "경북대학교"}, "한인환": {"NTIS": "홍익대학교(세종캠퍼스)"}, "한재영": {"NTIS": "영산대학교"}, "한종부": {"KCI": "충남대학교"}, "한창수": {"KCI": "한양대학교"}, "한형석": {"KCI": "한국기계연구원"}, "허건수": {"NTIS": "한양대학교산학협력단", "SCIENCEON": "한양대학교 미래자동차공학과", "KCI": "한양대학교"}, "허승진": {"KCI": "국민대학교"}, "허현무": {"KCI": "한국철도기술연구원"}, "황성호": {"NTIS": "성균관대학교산학협력단", "SCIENCEON": "성균관대학교 기계공학부"}}