﻿{"강동묵": {"NTIS": "부산대학교 산학협력단"}, "강민식": {"SCIENCEON": "남서울대학교 산업경영공학과"}, "강보라": {"NTIS": "한국예술종합학교"}, "강상우": {"NTIS": "가천대학교"}, "강상훈": {"NTIS": "부산대학교"}, "강수용": {"NTIS": "한양대학교산학협력단"}, "강용신": {"NTIS": "성균관대학교(자연과학캠퍼스)"}, "강유": {"NTIS": "서울대학교"}, "강장묵0": {"NTIS": "고려대학교", "SCIENCEON": "고려대학교 정보대학 컴퓨터학과"}, "강장묵1": {"NTIS": "남서울대학교 산학협력단"}, "강정희": {"KCI": "삼성전자"}, "강창완": {"KCI": "동의대학교"}, "강현수": {"NTIS": "충북대학교산학협력단"}, "강훈": {"NTIS": "중앙대학교"}, "고순주": {"SCIENCEON": "경제분석연구실"}, "곽경섭": {"NTIS": "인하대학교"}, "곽기영": {"NTIS": "국민대학교"}, "구자원": {"NTIS": "백석문화대학교 산학협력단"}, "권영우": {"NTIS": "경북대학교"}, "권오민": {"NTIS": "충북대학교"}, "권오병": {"NTIS": "경희대학교"}, "권오영": {"SCIENCEON": "School of Computer Science and Engineering, Korea University of Technology and Education"}, "권혁빈": {"KCI": "용인대학교"}, "권혁윤": {"NTIS": "서울과학기술대학교"}, "기정훈": {"KCI": "명지대학교"}, "김경민": {"NTIS": "한양대학교"}, "김경배": {"NTIS": "서원대학교산학협력단"}, "김경백": {"NTIS": "전남대학교"}, "김경재": {"NTIS": "동국대학교"}, "김경희": {"SCIENCEON": "한림대학교 미디어커뮤니케이션학부"}, "김관호": {"NTIS": "인천대학교"}, "김광훈": {"NTIS": "경기대학교"}, "김근형": {"NTIS": "동의대학교"}, "김기연": {"KCI": "목원대학교"}, "김기탁": {"KCI": "조선대학교"}, "김기한": {"NTIS": "서울대학교"}, "김기홍": {"NTIS": "한국외국어대학교"}, "김덕환": {"NTIS": "인하대학교 산학협력단"}, "김동원": {"NTIS": "충북도립대학산학협력단"}, "김동현": {"SCIENCEON": "Dept of Software, Dongseo University"}, "김미례": {"SCIENCEON": "Transportation and Logistics System, University of Science and Technology"}, "김민": {"KCI": "한국장애인개발원 패널팀"}, "김민경": {"NTIS": "선문대학교"}, "김민수0": {"NTIS": "전남대학교"}, "김민수1": {"NTIS": "한국과학기술원"}, "김민형": {"KCI": "동아대학교"}, "김상욱": {"NTIS": "한양대학교"}, "김석주": {"KCI": "선문대학교"}, "김선": {"NTIS": "서울대학교"}, "김성권": {"NTIS": "중앙대학교"}, "김성민": {"NTIS": "한양대학교 관광연구소"}, "김성준": {"SCIENCEON": "남서울대학교 복지경영대학원 빅데이터콘텐츠융합학과"}, "김세훈": {"SCIENCEON": "인천대학교 건설환경공학부"}, "김수동": {"SCIENCEON": "숭실대학교 컴퓨터학과"}, "김연종": {"NTIS": "경상대학교"}, "김영진": {"KCI": "대전대학교 법학과 부교수"}, "김예진": {"NTIS": "부산가톨릭대학교"}, "김용문": {"SCIENCEON": "동국대학교 경영정보학과"}, "김원준": {"NTIS": "한국과학기술원"}, "김윤학": {"NTIS": "조선대학교"}, "김윤희": {"SCIENCEON": "숙명여자대학교 컴퓨터과학부"}, "김은미": {"NTIS": "부산대학교"}, "김응모": {"NTIS": "성균관대학교(자연과학캠퍼스)", "SCIENCEON": "성균관대학교 사회과학대학 소비자가족학과 / 소프트웨어대학"}, "김장현": {"NTIS": "성균관대학교"}, "김재능": {"SCIENCEON": "연세대학교 패키징학과"}, "김재훈": {"NTIS": "한국해양대학교"}, "김정옥": {"NTIS": "서울대학교"}, "김정은": {"NTIS": "공주대학교"}, "김종우": {"NTIS": "한양대학교"}, "김지은": {"NTIS": "국민대학교 산학협력단", "KCI": "국민대학교"}, "김창수": {"SCIENCEON": "Department of IT Convergence and Application Engineering, Pukyong National University"}, "김철민": {"NTIS": "부산대학교"}, "김치호": {"SCIENCEON": "한양대학교 문화콘텐츠학과", "KCI": "한양대학교"}, "김태경": {"NTIS": "수원대학교"}, "김태구": {"NTIS": "한밭대학교"}, "김태엽": {"SCIENCEON": "화이트정보통신 제품개발팀"}, "김판구": {"NTIS": "조선대학교"}, "김학선": {"NTIS": "경성대학교"}, "김학수": {"SCIENCEON": "강원대학교 컴퓨터정보통신공학과"}, "김한준": {"SCIENCEON": "서울시립대학교 전자전기컴퓨터공학부"}, "김현철": {"NTIS": "상명대학교(천안캠퍼스)"}, "김호걸": {"SCIENCEON": "청주대학교 휴먼환경디자인학부 조경도시계획전공"}, "김후년": {"KCI": "대진대학교"}, "김흥남": {"KCI": "한국과학기술원 K-Industry4.0 추진본부"}, "김희웅": {"SCIENCEON": "연세대학교 정보대학원", "KCI": "연세대학교"}, "김희제": {"NTIS": "부산대학교"}, "나건": {"NTIS": "홍익대학교"}, "나수진": {"KCI": "광주여자고등학교"}, "남궁영": {"NTIS": "경희대학교"}, "남권희": {"NTIS": "경북대학교"}, "남성욱": {"KCI": "고려대학교"}, "남수태": {"SCIENCEON": "원광대학교"}, "남인용": {"SCIENCEON": "부경대학교 신문방송학과", "KCI": "부경대학교"}, "노승민0": {"NTIS": "세종대학교"}, "노승민1": {"KCI": "성결대학교"}, "노준용": {"NTIS": "한국과학기술원"}, "노태협": {"SCIENCEON": "덕성여자대학교 경영학과", "KCI": "덕성여자대학교"}, "도남철": {"NTIS": "경상대학교"}, "류석진": {"KCI": "서강대학교"}, "맹성현": {"NTIS": "한국과학기술원"}, "문수복": {"NTIS": "한국과학기술원"}, "민준기": {"NTIS": "한국기술교육대학교", "SCIENCEON": "한국기술교육대학교 컴퓨터공학부"}, "민진영": {"NTIS": "서울대학교"}, "민하나": {"KCI": "한국관광공사"}, "박경옥": {"NTIS": "부산대학교"}, "박남제": {"SCIENCEON": "제주대학교 과학기술사회연구센터"}, "박도형": {"SCIENCEON": "국민대학교 경영대학/비즈니스IT전문대학원"}, "박문일": {"SCIENCEON": "데이터월드"}, "박상언": {"NTIS": "경기대학교"}, "박서윤": {"KCI": "수성대학교 법률회계과"}, "박석천": {"SCIENCEON": "가천대학교 컴퓨터공학과"}, "박성재": {"KCI": "한라대학교"}, "박영호": {"SCIENCEON": "숙명여자대학교 공과대학 IT공학과"}, "박유현": {"SCIENCEON": "Department of Computer Software Engineering, Dongeui University"}, "박윤배": {"SCIENCEON": "경북대학교"}, "박은일": {"NTIS": "성균관대학교"}, "박인수": {"KCI": "한양대학교"}, "박정혜": {"SCIENCEON": "경북대학교 문학치료학과"}, "박종헌": {"NTIS": "서울대학교"}, "박주석": {"NTIS": "경희대학교"}, "박지영": {"NTIS": "부산대학교"}, "박진홍": {"SCIENCEON": "경희대학교 소셜네트워크과학과"}, "박찬식": {"NTIS": "중앙대학교"}, "박하명": {"NTIS": "국민대학교"}, "박한우": {"KCI": "영남대학교"}, "박향희": {"NTIS": "서울대학교(연건캠퍼스)"}, "박현석": {"NTIS": "이화여자대학교산학협력단"}, "박호성": {"NTIS": "전남대학교산학협력단"}, "박희대": {"NTIS": "연세대학교"}, "박희준": {"SCIENCEON": "연세대학교 정보산업공학과"}, "백두권": {"NTIS": "고려대학교", "SCIENCEON": "고려대학교 융합소프트웨어전문대학원"}, "백성준": {"SCIENCEON": "한성대학교 부동산학과"}, "백욱인": {"NTIS": "서울과학기술대학교"}, "변진성": {"NTIS": "동서대학교"}, "변혜원": {"SCIENCEON": "성신여자대학교 정보시스템공학과"}, "복경수": {"SCIENCEON": "원광대학교 SW융합학과"}, "서영호": {"SCIENCEON": "School of Management, Kyung Hee University"}, "서정민": {"SCIENCEON": "(주)디엘커뮤니케이션즈"}, "서주환": {"SCIENCEON": "경희대학교 예술.디자인대학 환경조경디자인학과"}, "서지원": {"SCIENCEON": "한양대학교 컴퓨터소프트웨어학부"}, "선우우연": {"NTIS": "성균관대학교(자연과학캠퍼스)"}, "선호근": {"NTIS": "부산대학교"}, "성기훈": {"SCIENCEON": "Department of Mechanical Engineering, Sungkyunkwan University"}, "성빈": {"KCI": "동국대학교"}, "손경아": {"NTIS": "아주대학교"}, "손병직": {"NTIS": "건양대학교"}, "손용훈": {"SCIENCEON": "서울대학교 환경대학원"}, "송민": {"NTIS": "연세대학교", "SCIENCEON": "연세대학교 문헌정보학과", "KCI": "연세대학교"}, "송유진": {"SCIENCEON": "동국대학교 정보경영학과"}, "송은지": {"SCIENCEON": "남서울대학교 컴퓨터학과"}, "송주형": {"KCI": ""}, "신기정": {"NTIS": "한국과학기술원"}, "신동희": {"NTIS": "중앙대학교"}, "신문선": {"NTIS": "건국대학교 GLOCAL(글로컬)캠퍼스"}, "신성윤": {"KCI": "군산대학교"}, "신원용": {"NTIS": "연세대학교"}, "신인식": {"KCI": "동명대학교"}, "신정훈": {"NTIS": "숭실대학교"}, "신창옥": {"SCIENCEON": "경성대학교 디지털 콘텐츠학부", "KCI": "경성대학교"}, "심규석": {"NTIS": "서울대학교"}, "안순태": {"NTIS": "이화여자대학교"}, "안종욱": {"SCIENCEON": "안양대학교 도시정보공학과"}, "안희준": {"SCIENCEON": "서울과학기술대학교 전기정보공학과"}, "양재식": {"SCIENCEON": "서원대학교 레저스포츠학과"}, "양지훈": {"NTIS": "서강대학교"}, "양현승": {"NTIS": "한국과학기술원"}, "양형정": {"NTIS": "전남대학교산학협력단"}, "여진영": {"NTIS": "연세대학교"}, "오경화": {"SCIENCEON": "중앙대학교 패션디자인전공", "KCI": "중앙대학교"}, "오유수": {"NTIS": "대구대학교"}, "오익근": {"NTIS": "계명대학교", "SCIENCEON": "계명대학교 관광경영학과", "KCI": "계명대학교"}, "오치옥": {"KCI": "전남대학교"}, "용환승": {"NTIS": "이화여자대학교"}, "우지영": {"NTIS": "순천향대학교"}, "원광연": {"NTIS": "한국과학기술원"}, "원동호": {"SCIENCEON": "성균관대학교 정보보호연구소"}, "원정임": {"NTIS": "한양대학교"}, "유성준": {"NTIS": "세종대학교 산학협력단"}, "유은순": {"NTIS": "단국대학교"}, "유재수": {"NTIS": "충북대학교", "SCIENCEON": "충북대학교"}, "유환조": {"NTIS": "포항공과대학교"}, "윤석민": {"NTIS": "서울대학교 산학협력단"}, "윤선희": {"KCI": "숭의여자대학교"}, "윤성대": {"SCIENCEON": "Department of Computer Engineering, Pukyong National University"}, "윤희용": {"SCIENCEON": "성균관대학교 정보통신대학"}, "윤희정": {"SCIENCEON": "강원대학교 관광경영학과", "KCI": "강원대학교"}, "이강현": {"NTIS": "조선대학교"}, "이강희": {"NTIS": "숭실대학교"}, "이건학": {"NTIS": "서울대학교"}, "이경순": {"SCIENCEON": "전북대학교"}, "이계희": {"NTIS": "경희대학교"}, "이광희": {"SCIENCEON": "한국연구재단 인재양성실"}, "이권형": {"NTIS": "동의대학교"}, "이규혜": {"SCIENCEON": "한양대학교 의류학과 휴먼테크융합전공"}, "이규환": {"NTIS": "건양대학교"}, "이금실": {"NTIS": "세종대학교"}, "이기훈": {"NTIS": "광운대학교산학협력단"}, "이단비": {"KCI": "호서대학교"}, "이동만": {"NTIS": "한국과학기술원"}, "이동호": {"NTIS": "한양대학교 에리카산학협력단"}, "이미경0": {"NTIS": "계명대학교"}, "이미경1": {"KCI": "영남대학교"}, "이민수": {"NTIS": "이화여자대학교", "SCIENCEON": "이화여자대학교 컴퓨터공학과"}, "이민혁": {"NTIS": "부산대학교"}, "이민호": {"SCIENCEON": "한국과학기술정보연구원"}, "이상국": {"NTIS": "아주대학교"}, "이상돈": {"SCIENCEON": "목포대학교"}, "이상문": {"SCIENCEON": "한국교통대학교 컴퓨터정보공학과"}, "이상열": {"NTIS": "서울대학교"}, "이상원": {"SCIENCEON": "원광대학교 컴퓨터소프트웨어공학과", "KCI": "원광대학교"}, "이상진": {"SCIENCEON": "고려대학교"}, "이선량": {"SCIENCEON": "한국해양수산개발원 정책동향연구본부", "KCI": "한국해양수산개발원"}, "이성로": {"SCIENCEON": "목포대학교 정보전자공학과"}, "이성민": {"NTIS": "한국해양대학교"}, "이성희": {"NTIS": "한국과학기술원"}, "이수원": {"NTIS": "숭실대학교"}, "이승룡": {"NTIS": "경희대학교 산학협력단"}, "이승재": {"SCIENCEON": "서울시립대학교 교통공학과", "KCI": "서울시립대학교"}, "이승훈": {"SCIENCEON": "대검찰청 디지털수사과", "KCI": "대검찰청 디지털수사과"}, "이영구": {"SCIENCEON": "경희대학교 컴퓨터공학과"}, "이영일": {"KCI": "동국대학교"}, "이우기": {"NTIS": "인하대학교"}, "이유안": {"NTIS": "부산대학교"}, "이인성": {"SCIENCEON": "이화여자대학교 의류산업학과"}, "이재길": {"NTIS": "한국과학기술원"}, "이재동": {"NTIS": "단국대학교 산학협력단"}, "이재석": {"NTIS": "대구경북과학기술원"}, "이정민": {"NTIS": "이화여자대학교"}, "이정아": {"NTIS": "조선대학교"}, "이정희": {"SCIENCEON": "국립산림과학원 산림복지연구과", "KCI": "국립산림과학원 산림정책연구부 산림복지연구과"}, "이제욱": {"NTIS": "중앙대학교"}, "이종국0": {"NTIS": "계명대학교"}, "이종국1": {"SCIENCEON": "국립재난안전연구원 재난정보분석센터"}, "이준기": {"SCIENCEON": "연세대학교 정보대학원"}, "이지현": {"NTIS": "한국과학기술원"}, "이창범": {"KCI": "김앤장법률사무소"}, "이태원": {"NTIS": "경남과학기술대학교"}, "이한구": {"NTIS": "건국대학교산학협력단"}, "이현정": {"NTIS": "서울시립대학교"}, "이현창": {"SCIENCEON": "군산대학교"}, "이현출": {"KCI": "국회입법조사처"}, "이형준": {"NTIS": "이화여자대학교"}, "이혜미": {"KCI": "경희대학교"}, "이홍주": {"NTIS": "가톨릭대학교"}, "임상준": {"NTIS": "서울대학교 산학협력단"}, "임승호": {"SCIENCEON": "한국외국어대학교 디지털정보공학과"}, "임지형": {"KCI": "조선대학교"}, "임철수": {"KCI": "서경대학교"}, "장미화": {"KCI": "계명대학교"}, "장완규": {"NTIS": "용인송담대학교"}, "장원호": {"NTIS": "서울시립대학교"}, "장재우": {"SCIENCEON": "전북대학교 IT정보공학과"}, "전여선": {"NTIS": "서울대학교 생활과학연구소"}, "정경미": {"KCI": "동국대 한의과대학 석박사통합과정"}, "정경용": {"NTIS": "경기대학교산학협력단"}, "정경희": {"NTIS": "전남대학교"}, "정교민": {"NTIS": "서울대학교산학협력단", "SCIENCEON": "서울대학교"}, "정남호": {"NTIS": "경희대학교"}, "정덕길": {"NTIS": "동의대학교산학협력단", "SCIENCEON": "동의대학교"}, "정영섭": {"SCIENCEON": "순천향대학교 빅데이터공학과"}, "정옥란": {"NTIS": "가천대학교"}, "정우성": {"NTIS": "포항공과대학교"}, "정원준": {"NTIS": "수원대학교"}, "정윤수": {"SCIENCEON": "목원대학교 정보통신융합공학부"}, "정윤혁": {"SCIENCEON": "울산과학기술원 융합경영대학원"}, "정은수": {"SCIENCEON": "부경대학교 컴퓨터공학과"}, "정이상": {"KCI": "동명대학교"}, "정익래": {"SCIENCEON": "고려대학교 정보보호대학원"}, "정태중": {"NTIS": "서울대학교"}, "정태진": {"KCI": "사이버폴리싱연구센터"}, "정형구": {"NTIS": "서울시립대학교"}, "조경록": {"NTIS": "충북대학교"}, "조근식": {"NTIS": "인하대학교"}, "조기환": {"NTIS": "전북대학교 산학협력단"}, "조래을": {"KCI": "호서대학교"}, "조용란": {"NTIS": "한서대학교"}, "조윤식": {"NTIS": "중앙대학교"}, "조윤호": {"SCIENCEON": "국민대학교 경영학부", "KCI": "국민대학교"}, "조은경": {"NTIS": "경북대학교"}, "조재희": {"SCIENCEON": "광운대학교"}, "조항정": {"SCIENCEON": "카이스트 경영과학과"}, "조현석": {"NTIS": "서울과학기술대학교"}, "조화순": {"NTIS": "연세대학교"}, "조환규": {"NTIS": "부산대학교"}, "주길홍": {"NTIS": "경인교육대학교"}, "주재걸": {"NTIS": "한국과학기술원"}, "주하연": {"NTIS": "서강대학교"}, "진찬용": {"SCIENCEON": "Wonkwang University"}, "차미영": {"NTIS": "한국과학기술원"}, "차재혁": {"NTIS": "한양대학교"}, "차지영": {"NTIS": "이화여자대학교"}, "차희준": {"SCIENCEON": "인천국제공항공사 공항산업기술연구원"}, "최경호": {"SCIENCEON": "전주대학교 보건통계연구소", "KCI": "전주대학교"}, "최난설헌": {"KCI": "연세대학교"}, "최대선": {"SCIENCEON": "공주대학교 의료정보학과"}, "최대진": {"NTIS": "인천대학교"}, "최상일": {"NTIS": "단국대학교 산학협력단"}, "최상현": {"NTIS": "충북대학교"}, "최선용": {"NTIS": "가천대학교"}, "최선화": {"KCI": "국립재난안전연구원"}, "최영리": {"NTIS": "울산과학기술대학교"}, "최용수": {"SCIENCEON": "성결대학교 교양교직부"}, "최윤선": {"NTIS": "경희대학교 관광산업연구원"}, "최재영": {"NTIS": "한국외국어대학교(글로벌캠퍼스)"}, "최철재": {"SCIENCEON": "경동대학교 정보보안학과", "KCI": "경동대학교"}, "최호성": {"SCIENCEON": "한국산학연협회"}, "추진기": {"KCI": "경기대학교"}, "피수영": {"SCIENCEON": "대구가톨릭대학교 교양교육원"}, "하동현": {"KCI": "동국대학교"}, "하종수": {"SCIENCEON": "경남정보대학교 방송영상과"}, "한군희": {"SCIENCEON": "백석대학교 정보통신공학과"}, "한동수": {"NTIS": "한국과학기술원"}, "한상용": {"NTIS": "중앙대학교"}, "한상필": {"SCIENCEON": "한양대학교 광고홍보학과"}, "한진수": {"NTIS": "경희대학교"}, "한진영": {"NTIS": "성균관대학교"}, "함유근": {"SCIENCEON": "건국대학교 경영대학"}, "허진희": {"NTIS": "서울대학교"}, "홍민석": {"KCI": "한양대학교 대학원 산업디자인학과"}, "홍병우": {"NTIS": "중앙대학교산학협력단"}, "홍봉희": {"NTIS": "부산대학교 산학협력단"}, "홍소윤": {"NTIS": "연세대학교"}, "홍송남": {"NTIS": "아주대학교"}, "홍순구": {"NTIS": "동아대학교"}, "홍충선": {"NTIS": "경희대학교 산학협력단"}, "홍태호": {"NTIS": "부산대학교"}, "황규영": {"NTIS": "한국과학기술원"}, "황민철": {"NTIS": "상명대학교"}, "황병연": {"SCIENCEON": "가톨릭대학교 컴퓨터공학과"}, "황상필": {"KCI": "한국은행"}, "황석환": {"SCIENCEON": "한국건설기술연구원 돌발홍수연구센터"}, "황용석": {"NTIS": "건국대학교"}, "황인준": {"NTIS": "고려대학교"}, "황지영": {"NTIS": "성균관대학교(자연과학캠퍼스)"}}