{"강봉균": {"NTIS": "서울대학교"}, "강태욱": {"KCI": "한국건설기술연구원 미래융합연구본부"}, "고상호": {"NTIS": "한국항공대학교산학협력단"}, "고정환": {"KCI": "인하공업전문대학"}, "권병국": {"KCI": "세한대학교"}, "권순각": {"NTIS": "동의대학교"}, "김경수": {"NTIS": "조선대학교 산학협력단"}, "김경엽": {"KCI": "한국산업기술대학교"}, "김대혁": {"NTIS": "전북대학교"}, "김동성": {"NTIS": "금오공과대학교 산학협력단"}, "김동형": {"SCIENCEON": "로봇작업지능연구실"}, "김선경": {"NTIS": "목포대학교"}, "김선영": {"NTIS": "군산대학교"}, "김선정": {"NTIS": "한림대학교"}, "김수환": {"NTIS": "선문대학교"}, "김승찬": {"NTIS": "한림대학교"}, "김아영": {"NTIS": "한국과학기술원", "SCIENCEON": "Dept. of Civil and Environmental Engineering, KAIST"}, "김영준": {"NTIS": "이화여자대학교산학협력단"}, "김용주": {"NTIS": "충남대학교산학협력단"}, "김종욱": {"KCI": "동아대학교"}, "김진환": {"KCI": "한국과학기술원"}, "김창재": {"NTIS": "명지대학교"}, "김태완": {"NTIS": "서울대학교"}, "김태운": {"KCI": "한림대학교"}, "김필주": {"NTIS": "경상대학교"}, "김한승": {"NTIS": "건국대학교산학협력단"}, "김헌희": {"NTIS": "목포해양대학교"}, "김형관": {"NTIS": "연세대학교"}, "김홍준": {"NTIS": "대전대학교"}, "남해운": {"NTIS": "한양대학교(ERICA캠퍼스)"}, "노병희": {"NTIS": "아주대학교산학협력단"}, "만달소우멘": {"NTIS": "경북대학교"}, "명현": {"SCIENCEON": "School of Electrical Engineering, KI-Robotics, KI-AI, KAIST"}, "문정호": {"KCI": "청주대학교"}, "문초이": {"NTIS": "순천향대학교"}, "문형필": {"SCIENCEON": "Mechanical Engineering, Sungkyunkwan University"}, "박근호": {"NTIS": "전북대학교산학협력단"}, "박병용": {"NTIS": "전북대학교"}, "박순용": {"NTIS": "경북대학교", "KCI": "경북대학교"}, "박양우": {"SCIENCEON": "경운대학교 힝공소프트웨어공과"}, "박재봉": {"NTIS": "한림대학교 세포분화 및 노화연구소"}, "박종승": {"SCIENCEON": "인천대학교 컴퓨터공학과"}, "박찬국": {"NTIS": "서울대학교", "KCI": "서울대학교"}, "백승준": {"NTIS": "고려대학교"}, "서영건": {"KCI": "경상대학교"}, "서정관": {"NTIS": "부산대학교산학협력단"}, "서종환": {"NTIS": "성균관대학교산학협력단"}, "성봉준": {"NTIS": "서강대학교 산학협력단"}, "손형일": {"NTIS": "전남대학교"}, "신재휴": {"KCI": "서울시립대학교"}, "심현철": {"NTIS": "한국과학기술원"}, "안준호": {"NTIS": "한국교통대학교"}, "양민양": {"NTIS": "한국뉴욕주립대학교"}, "양회석": {"NTIS": "아주대학교"}, "염재선": {"KCI": "목포대학교"}, "오정석": {"NTIS": "서울대학교 산학협력단"}, "오정현": {"NTIS": "광운대학교"}, "우운택": {"NTIS": "한국과학기술원"}, "유기윤": {"NTIS": "서울대학교 산학협력단"}, "유성준": {"NTIS": "세종대학교 산학협력단"}, "유승열": {"SCIENCEON": "School of Mechanical Engineering, Korea University of Technology and Education", "KCI": "한국기술교육대학교"}, "유영재": {"NTIS": "목포대학교산학협력단"}, "유정민": {"SCIENCEON": "한국전통문화대학교 문화유산산업학과"}, "유형석": {"NTIS": "한양대학교산학협력단"}, "윤상석": {"NTIS": "신라대학교산학협력단"}, "윤종혁": {"NTIS": "대구경북과학기술원"}, "이경환": {"NTIS": "전남대학교 산학협력단"}, "이근왕": {"SCIENCEON": "청운대학교 멀티미디어학과", "KCI": "청운대학교"}, "이덕진": {"KCI": "군산대학교"}, "이동헌": {"NTIS": "충남대학교"}, "이동현": {"NTIS": "금오공과대학교"}, "이명진": {"KCI": "전남대학교"}, "이병윤": {"SCIENCEON": "Nearthlab", "KCI": "니어스랩"}, "이상석": {"NTIS": "순천대학교 산학협력단"}, "이상학": {"SCIENCEON": "경운대학교 항공소프트웨어공학과"}, "이석규": {"NTIS": "영남대학교"}, "이성욱": {"NTIS": "한국항공대학교"}, "이세진": {"NTIS": "공주대학교"}, "이수원": {"KCI": "경상국립대학교"}, "이수찬": {"KCI": "국민대학교"}, "이승목": {"NTIS": "계명대학교"}, "이승재": {"NTIS": "명지대학교 산학협력단"}, "이승환": {"NTIS": "금오공과대학교", "SCIENCEON": "School of Electronic Engineering, Kumoh National Institute of Technology"}, "이신형": {"KCI": "서울대학교"}, "이언석": {"NTIS": "순천향대학교"}, "이용창": {"SCIENCEON": "인천대학교 도시공학과", "KCI": "인천대학교"}, "이윤수": {"KCI": "단국대학교"}, "이장명": {"SCIENCEON": "Dept of Electronics Engineering, Pusan National University", "KCI": "부산대학교"}, "이재민": {"NTIS": "금오공과대학교산학협력단"}, "이재호": {"NTIS": "연세대학교"}, "이정욱": {"KCI": "건국대학교"}, "이준구": {"NTIS": "한국과학기술원"}, "이준호": {"NTIS": "포항공과대학교"}, "이지윤": {"KCI": "한국과학기술원"}, "이치범": {"KCI": "서울과학기술대학교"}, "이헌철": {"NTIS": "금오공과대학교"}, "이형근": {"NTIS": "한국항공대학교"}, "인호": {"NTIS": "고려대학교"}, "임기병": {"NTIS": "경북대학교 산학협력단"}, "임병석": {"KCI": "전남대학교"}, "임종우": {"NTIS": "한양대학교"}, "장동의": {"NTIS": "한국과학기술원"}, "장영민": {"NTIS": "국민대학교"}, "장인훈": {"NTIS": "한경대학교"}, "정계조": {"KCI": "한국전력공사"}, "정문호": {"NTIS": "광운대학교"}, "정상섬": {"NTIS": "연세대학교"}, "정선옥": {"NTIS": "충남대학교 산학협력단"}, "정우진": {"NTIS": "고려대학교"}, "정준모": {"KCI": "인하대학교"}, "정헌": {"NTIS": "초당대학교"}, "정희운": {"SCIENCEON": "Graduate School of Management of Technology, Hoseo University", "KCI": "호서대학교"}, "조광수": {"NTIS": "전북대학교산학협력단"}, "조기춘": {"NTIS": "건국대학교"}, "조백규": {"NTIS": "국민대학교", "KCI": "국민대학교"}, "조숙희": {"KCI": "중앙대학교"}, "조영근": {"NTIS": "인하대학교"}, "조재훈": {"NTIS": "한경대학교 산학협력단"}, "조정호": {"NTIS": "순천향대학교"}, "조종기": {"NTIS": "충남대학교"}, "조호신": {"NTIS": "경북대학교산학협력단"}, "천지연": {"NTIS": "순천대학교산학협력단"}, "최윤수": {"SCIENCEON": "서울시립대학교 공간정보공학과", "KCI": "서울시립대학교"}, "최준식": {"NTIS": "고려대학교"}, "최준열": {"KCI": "LG전자"}, "최혁두": {"NTIS": "순천향대학교"}, "최현택": {"KCI": "한국해양연구원선박해양공학분소"}, "최홍용": {"SCIENCEON": "현대오토에버"}, "하영국": {"NTIS": "건국대학교"}, "하종은": {"NTIS": "서울과학기술대학교"}, "한경민": {"NTIS": "이화여자대학교"}, "한봉수": {"NTIS": "경일대학교"}, "한성익": {"NTIS": "동국대학교(경주캠퍼스)"}, "한수희": {"NTIS": "포항공과대학교산학협력단"}, "허준":{"NTIS": "연세대학교"}, "현방훈": {"KCI": "Animal and Plant Quarantine Agency"}, "홍사영": {"KCI": "선박해양플랜트연구소"}, "홍성출": {"NTIS": "전북대학교산학협력단"}, "황성수": {"KCI": "Handong Global University", "SCIENCEON": "School of Computer Science and Electrical Engineering. Handong Global University"}, "황인환": {"NTIS": "포항공과대학교"}, "황태호": {"NTIS":"부산대학교"}}