{"간바야르": {"NTIS": "동국대학교"}, "강경구": {"SCIENCEON": "제주특별자치도개발공사 품질연구본부", "KCI": "제주특별자치도개발공사"}, "강기훈": {"KCI": "한국외국어대학교"}, "강도영": {"NTIS": "동아대학교"}, "강동수": {"KCI": "국방대학교"}, "강문성": {"KCI": "한국농어촌공사"}, "강민구": {"KCI": "전북대학교"}, "강부식": {"NTIS": "단국대학교"}, "강상우": {"NTIS": "가천대학교"}, "강석구": {"SCIENCEON": "한양대학교 건설환경공학과", "KCI": "한양대학교"}, "강승식": {"SCIENCEON": "국민대학교 컴퓨터공학과", "KCI": "국민대학교"}, "강승우": {"SCIENCEON": "School of Computer Science and Engineering, KOREATECH", "KCI": "한국기술교육대학교"}, "강영옥": {"KCI": "이화여자대학교"}, "강유식": {"KCI": "공주대학교"}, "강윤희": {"NTIS": "이화여자대학교"}, "강종석": {"KCI": "한국과학기술정보연구원"}, "강태원": {"KCI": "강릉원주대학교"}, "강필성": {"KCI": "고려대학교"}, "강현구": {"KCI": "Hannam University"}, "강희석": {"KCI": "한화시스템(주)"}, "강희선": {"NTIS": "조선대학교"}, "고광호": {"KCI": "평택대학교"}, "고대식": {"KCI": "목원대학교"}, "고성석": {"SCIENCEON": "건국대학교 산업공학과", "KCI": "건국대학교"}, "고승현": {"NTIS": "가톨릭대학교 산학협력단"}, "고정길": {"NTIS": "연세대학교"}, "고한석": {"SCIENCEON": "고려대학교 전기전자전파 공학부", "KCI": "고려대학교"}, "곽동엽": {"NTIS": "한양대학교 에리카산학협력단"}, "곽정환": {"SCIENCEON": "Department of Software, Korea National University of Transportation"}, "곽찬희": {"NTIS": "강남대학교"}, "구교철": {"NTIS": "연세대학교"}, "구명완": {"KCI": "서강대학교"}, "권기룡": {"NTIS": "부경대학교", "KCI": "부경대학교"}, "권순일": {"SCIENCEON": "동아대학교"}, "권오병": {"KCI": "경희대학교"}, "권용성": {"SCIENCEON": "한동대학교 기계제어공학부", "KCI": "한동대학교 기계제어공학부"}, "권재현": {"KCI": "서울시립대학교"}, "권준호": {"NTIS": "부산대학교"}, "권지훈": {"NTIS": "울산대학교"}, "권현한": {"SCIENCEON": "세종대학교 공과대학 건설환경공학과"}, "김가영": {"NTIS": "한국외국어대학교"}, "김건중": {"NTIS": "전북대학교"}, "김경": {"NTIS": "대구한의대학교"}, "김경재": {"SCIENCEON": "동국대학교_서울 경영대학 경영정보학과", "KCI": "동국대학교"}, "김경환0": {"SCIENCEON": "건국대학교 건축학부", "KCI": "건국대학교"}, "김경환1": {"KCI": "한국해양수산연수원"}, "김경회": {"KCI": "부경대학교"}, "김광영": {"KCI": "한국과학기술정보연구원"}, "김광훈": {"SCIENCEON": "Computer Science, Kyonggi University", "KCI": "경기대학교"}, "김기우": {"NTIS": "인하대학교"}, "김기현": {"NTIS": "포항공과대학교"}, "김대진": {"NTIS": "포항공과대학교"}, "김대희": {"KCI": "치안정책연구소"}, "김덕환": {"KCI": "인하대학교"}, "김동근": {"SCIENCEON": "Department of Human-Centered Artificial Intelligence, Sangmyung University", "KCI": "상명대학교"}, "김동민": {"NTIS": "순천향대학교"}, "김동주": {"KCI": "포항공과대학교"}, "김동호": {"KCI": "동국대학교"}, "김명미": {"KCI": "경기대학교"}, "김명섭": {"NTIS": "고려대학교세종캠퍼스"}, "김명주": {"SCIENCEON": "서울여자대학교 정보보호학과"}, "김무철": {"NTIS": "중앙대학교"}, "김문겸": {"NTIS": "중앙대학교", "KCI": "Chung-Ang University"}, "김민수": {"KCI": "전남대학교"}, "김민재": {"NTIS": "명지대학교"}, "김범준": {"KCI": "계명대학교"}, "김병선": {"KCI": "연세대학교"}, "김병식": {"KCI": "강원대학교"}, "김병조": {"SCIENCEON": "줌인터넷 부설연구소"}, "김병현": {"KCI": "경북대학교"}, "김상욱": {"KCI": "배재대학교"}, "김상필": {"NTIS": "고려대학교"}, "김상희": {"NTIS": "경북대학교"}, "김선웅": {"KCI": "국민대학교 비즈니스IT전문대학원"}, "김선호": {"NTIS": "서강대학교"}, "김선희": {"NTIS": "고려대학교"}, "김성렬": {"NTIS": "금오공과대학교"}, "김성범": {"KCI": "고려대학교"}, "김성수": {"KCI": "경북대학교"}, "김성신": {"NTIS": "부산대학교", "KCI": "부산대학교"}, "김성영": {"KCI": "금오공과대학교"}, "김수아": {"KCI": "순천향대학교"}, "김수전": {"KCI": "인하대학교"}, "김수현": {"KCI": "숭실대학교"}, "김수형": {"KCI": "전남대학교"}, "김승천": {"KCI": "한성대학교 스마트융합컨설팅학과"}, "김아욱": {"NTIS": "강원대학교"}, "김양석": {"SCIENCEON": "계명대학교 경영정보학과"}, "김연수": {"SCIENCEON": "K-water 연구원", "KCI": "Korea Water Resources Corporation"}, "김연주": {"SCIENCEON": "연세대학교 공과대학 건설환경공학과"}, "김영갑": {"NTIS": "세종대학교 산학협력단"}, "김영길": {"SCIENCEON": "한국전자통신연구원"}, "김영민": {"NTIS": "홍익대학교"}, "김영빈": {"NTIS": "중앙대학교"}, "김영준": {"KCI": "고려대학교"}, "김용성": {"NTIS": "고려사이버대학교"}, "김용수": {"KCI": "경기대학교"}, "김우일": {"NTIS": "인천대학교", "KCI": "인천대학교"}, "김우주": {"SCIENCEON": "연세대학교 공과대학 산업공학과", "KCI": "연세대학교"}, "김원겸": {"KCI": "에이아이딥"}, "김원세": {"NTIS": "서울대학교"}, "김원준": {"NTIS": "건국대학교", "SCIENCEON": "건국대학교"}, "김유희": {"KCI": "신한대학교"}, "김윤상": {"NTIS": "한국기술교육대학교"}, "김윤호": {"NTIS": "한양대학교"}, "김은미": {"KCI": "경희대학교 스마트관광연구소"}, "김의직": {"KCI": "한림대학교"}, "김이석": {"NTIS": "한양대학교"}, "김인영": {"KCI": "한양대학교 의생명공학전문대학원 생체의공학과"}, "김인희": {"NTIS": "공주대학교"}, "김장원": {"KCI": "군산대학교"}, "김재경": {"KCI": "경희대학교"}, "김재훈": {"KCI": "한국해양대학교"}, "김정동": {"NTIS": "선문대학교 산학협력단"}, "김정래": {"NTIS": "한국항공대학교"}, "김정집": {"KCI": "㈜텔코코리아아이에스"}, "김정환": {"SCIENCEON": "한국생산기술연구원 친환경재료공정연구그룹", "KCI": "한국생산기술연구원"}, "김종우": {"KCI": "한양대학교"}, "김종훈": {"SCIENCEON": "Dept. of Electrical Engineering, Chungnam National University", "KCI": "충남대학교"}, "김주철": {"NTIS": "충남대학교"}, "김주형": {"SCIENCEON": "한양대학교 건축공학부", "KCI": "한양대학교"}, "김준석": {"NTIS": "동의대학교"}, "김준성": {"NTIS": "중앙대학교"}, "김준우": {"KCI": "피닉스스튜디오 (대표이사)"}, "김지연": {"SCIENCEON": "대진대학교 창의미래인재대학", "KCI": "대진대학교"}, "김진국": {"SCIENCEON": "국방과학연구소", "KCI": "국방과학연구소"}, "김진수": {"KCI": "안양대학교"}, "김진술": {"NTIS": "전남대학교"}, "김진영": {"SCIENCEON": "광운대학교 전자융합공학과", "KCI": "광운대학교"}, "김진평": {"SCIENCEON": "차세대융합기술연구원", "KCI": "재단법인 차세대융합기술연구원"}, "김진헌": {"KCI": "서경대학교"}, "김차영": {"KCI": "경기대학교"}, "김창복": {"SCIENCEON": "가천대학교 에너지IT학과", "KCI": "가천대학교"}, "김창익": {"KCI": "한국과학기술원"}, "김철진": {"KCI": "인하공업전문대학"}, "김철현": {"NTIS": "인덕대학교"}, "김초롱": {"SCIENCEON": "한국건설기술연구원 국토보전연구본부"}, "김충수": {"SCIENCEON": "한국건설기술연구원 국토보전연구본부"}, "김태완": {"NTIS": "서울대학교"}, "김택수": {"SCIENCEON": "(주)이디에이엘리텍", "KCI": "이디에이엘리텍"}, "김판구": {"NTIS": "조선대학교", "KCI": "조선대학교"}, "김하영": {"NTIS": "연세대학교"}, "김현재": {"SCIENCEON": "Major in Electronic Engineering, Department of Information and Communication, Andong National University", "KCI": "안동대학교"}, "김현희": {"SCIENCEON": "동덕여자대학교 정보통계학과", "KCI": "동덕여자대학교"}, "김형규": {"KCI": "홍익대학교"}, "김형수": {"SCIENCEON": "인하대학교 사회인프라공학과", "KCI": "인하대학교"}, "김형주": {"KCI": "서울대학교"}, "김호연": {"KCI": "아주대학교"}, "김홍중": {"NTIS": "고려대학교"}, "김환석": {"SCIENCEON": "강릉원주대학교 정보통신공학과", "KCI": "강릉원주대학교"}, "김회린": {"NTIS": "한국과학기술원"}, "김희석": {"NTIS": "고려대학교세종캠퍼스"}, "김희웅": {"SCIENCEON": "연세대학교 정보대학원", "KCI": "연세대학교"}, "김희은": {"SCIENCEON": "College of Business Administration, Myongji University", "KCI": "명지대학교"}, "나갑주": {"KCI": "한국전자통신연구원"}, "나명환": {"KCI": "전남대학교"}, "나인섭": {"NTIS": "조선대학교"}, "나중찬": {"KCI": "한국전자통신연구원"}, "남두희": {"SCIENCEON": "한성대학교 사회과학부", "KCI": "한성대학교"}, "남원호": {"NTIS": "한경대학교"}, "남윤영": {"NTIS": "순천향대학교"}, "남지순": {"SCIENCEON": "한국외국어대학교, DICORA 연구센터/언어인지과학과"}, "노영태": {"KCI": "인하대학교"}, "노원우": {"NTIS": "연세대학교"}, "데니스 시도로프": {"KCI": "Energy Systems Institute of Siberian Branch of Russian Academy of Sciences Russia"}, "류시현": {"NTIS": "한국체육대학교"}, "문남미": {"SCIENCEON": "호서대학교 컴퓨터공학부", "KCI": "호서대학교"}, "문덕철": {"SCIENCEON": "제주특별자치도개발공사 수자원연구팀"}, "문석재": {"KCI": "광운대학교"}, "문영일": {"SCIENCEON": "서울시립대학교 토목공학과", "KCI": "서울시립대학교"}, "문용재": {"NTIS": "경희대학교(국제캠퍼스)"}, "문일철": {"NTIS": "한국과학기술원"}, "문종섭": {"SCIENCEON": "고려대학교", "KCI": "고려대학교"}, "문지훈": {"NTIS": "중앙대학교"}, "문창배": {"NTIS": "한양사이버대학교"}, "문현준": {"KCI": "단국대학교"}, "민대기": {"KCI": "이화여자대학교"}, "민세동": {"NTIS": "순천향대학교"}, "박경종": {"KCI": "광주대학교"}, "박광섭": {"KCI": "(주)보루"}, "박구락": {"SCIENCEON": "공주대학교 컴퓨터공학부", "KCI": "공주대학교"}, "박기준": {"KCI": "우송대학교"}, "박노욱": {"KCI": "Inha University"}, "박능수": {"SCIENCEON": "건국대학교 컴퓨터공학과"}, "박대영": {"NTIS": "인하대학교"}, "박대우": {"KCI": "호서대학교"}, "박문형": {"SCIENCEON": "한국건설기술연구원 국토보전연구본부", "KCI": "한국건설기술연구원 국토보전연구본부"}, "박민호": {"NTIS": "숭실대학교"}, "박새롬": {"SCIENCEON": "성신여자대학교 융합보안공학과"}, "박소영0": {"NTIS": "부경대학교"}, "박소영1": {"SCIENCEON": "부산대학교, 통계학과", "KCI": "부산대학교"}, "박수민": {"NTIS": "울산과학기술원"}, "박승보": {"SCIENCEON": "인하대학교 소프트웨어융합공학과"}, "박영철": {"NTIS": "한국외국어대학교(글로벌캠퍼스)"}, "박영택": {"KCI": "숭실대학교"}, "박인규": {"NTIS": "인하대학교"}, "박장식": {"KCI": "경성대학교"}, "박전규": {"KCI": "한국전자통신연구원"}, "박정희": {"NTIS": "충남대학교"}, "박종웅": {"NTIS": "중앙대학교"}, "박준호": {"NTIS": "부산대학교", "KCI": "부산대학교"}, "박준홍": {"KCI": "한양대학교"}, "박지훈": {"KCI": "용인대학교 스포츠·웰니스연구센터"}, "박창현": {"NTIS": "부산대학교"}, "박철수": {"KCI": "광운대학교"}, "박한훈": {"NTIS": "부경대학교"}, "박혁로": {"KCI": "전남대학교"}, "박현준": {"SCIENCEON": "청주대학교"}, "박형욱": {"KCI": "한국과학기술정보연구원"}, "박호정": {"KCI": "고려대학교"}, "박희준": {"KCI": "연세대학교"}, "배상훈": {"KCI": "부경대학교"}, "배영철": {"KCI": "전남대학교"}, "배준": {"KCI": "수원대학교"}, "배준범": {"NTIS": "울산과학기술원"}, "배태석": {"NTIS": "세종대학교", "SCIENCEON": "Dept. of Geoinformation Engineering, Sejong University", "KCI": "세종대학교"}, "백강현": {"SCIENCEON": "부산대학교 기후연구센터", "KCI": "부산대학교"}, "백상수": {"KCI": "울산과학기술원"}, "백수정": {"SCIENCEON": "한밭대학교 산업경영공학과", "KCI": "한밭대학교"}, "백준걸": {"KCI": "고려대학교"}, "변재영": {"NTIS": "조선대학교"}, "변지선": {"KCI": "충남대학교"}, "부선영": {"NTIS": "홍익대학교(세종캠퍼스)"}, "서기성": {"KCI": "Seokyeong University"}, "서길준": {"NTIS": "서울대학교"}, "서동준": {"NTIS": "경북대학교"}, "서쌍희": {"KCI": "경남대학교"}, "서영석": {"NTIS": "영남대학교"}, "서일홍": {"KCI": "한양대학교"}, "서정연": {"KCI": "서강대학교"}, "서화정": {"SCIENCEON": "한성대학교 IT융합공학부"}, "선충녕": {"KCI": "한국과학기술정보연구원"}, "성병찬": {"NTIS": "중앙대학교"}, "성상경": {"KCI": "Konkuk Univerity"}, "성연식": {"NTIS": "동국대학교산학협력단"}, "성원용": {"NTIS": "한양대학교"}, "성태응": {"NTIS": "연세대학교(미래캠퍼스)", "KCI": "연세대학교"}, "손기민": {"NTIS": "중앙대학교"}, "손정모": {"SCIENCEON": "(주)이포즌 기업부설연구소"}, "손정익": {"KCI": "서울대학교"}, "손채봉": {"KCI": "광운대학교"}, "송미화": {"SCIENCEON": "세명대학교 정보통신학부", "KCI": "세명대학교"}, "송민": {"NTIS": "연세대학교", "SCIENCEON": "연세대학교 문헌정보학과"}, "송석일": {"KCI": "한국교통대학교"}, "송유정": {"NTIS": "숙명여자대학교"}, "송재원": {"SCIENCEON": "(주)밸류파인더스", "KCI": "밸류파인더스"}, "송정석": {"SCIENCEON": "중앙대학교 경제학부", "KCI": "중앙대학교"}, "송정윤": {"NTIS": "서울대학교"}, "송주일": {"KCI": "(주)부린 부설연구소"}, "송태근": {"NTIS": "포항공과대학교"}, "신강욱": {"SCIENCEON": "K-Water Institute, Korea Water Resources Corporation", "KCI": "한국수자원공사"}, "신경식": {"SCIENCEON": "이화여자대학교 일반대학원 빅데이터분석학 협동과정", "KCI": "이화여자대학교"}, "신동광": {"KCI": "광주교육대학교"}, "신동규0": {"SCIENCEON": "Dept. of Computer Science and Engineering, Sejong Univ."}, "신동규1": {"SCIENCEON": "세종대학교 컴퓨터공학과", "KCI": "세종대학교"}, "신동일": {"SCIENCEON": "명지대학교 화학공학과"}, "신범주": {"KCI": "부산대학교"}, "신상용": {"SCIENCEON": "주식회사 바이솔라", "KCI": "(주)바이솔라"}, "신승중": {"KCI": "한세대학교"}, "신승태": {"NTIS": "동아대학교"},  "신용태": {"SCIENCEON": "숭실대학교 컴퓨터학부", "KCI": "숭실대학교"}, "신정훈": {"SCIENCEON": "전북대학교, 소프트웨어공학과", "KCI": "전북대학교"}, "신주현": {"SCIENCEON": "조선대학교 신산업융합학부", "KCI": "조선대학교"}, "신현준": {"KCI": "상명대학교"}, "심민규": {"SCIENCEON": "Department of Industrial Engineering, Seoul National University of Science and Technology", "KCI": "서울과학기술대학교"}, "심춘보": {"NTIS": "순천대학교"}, "안재준": {"NTIS": "연세대학교(미래캠퍼스)"}, "안종화": {"KCI": "강원대학교"}, "안창영": {"NTIS": "충북대학교"}, "안현": {"SCIENCEON": "Division of Computer Science and Engineering, Kyonggi University", "KCI": "경기대학교"}, "안현욱": {"SCIENCEON": "충남대학교 지역환경토목학과"}, "양정석": {"SCIENCEON": "국민대학교 창의공과대학 건설시스템공학부", "KCI": "국민대학교"}, "양희진": {"NTIS": "인천대학교"}, "엄수원": {"KCI": "전주대학교"}, "엔젤파스쿠알델포빌": {"NTIS": "성균관대학교"}, "여인권": {"SCIENCEON": "숙명여자대학교 통계학과", "KCI": "숙명여자대학교"}, "오경주": {"KCI": "연세대학교"}, "오동익": {"KCI": "순천향대학교"}, "오문탁": {"KCI": "한화시스템"}, "오세환": {"SCIENCEON": "경북대학교 경영학부", "KCI": "경북대학교"}, "오승민": {"NTIS": "공주대학교"}, "오유란": {"SCIENCEON": "이화여자대학교 컴퓨터공학과", "KCI": "이화여자대학교"}, "오윤식": {"NTIS": "경남대학교"}, "오종택": {"NTIS": "한성대학교"}, "오주삼": {"KCI": "한국건설기술연구원"}, "오창헌": {"SCIENCEON": "한국기술교육대학교", "KCI": "한국기술교육대학교"}, "오채연": {"NTIS": "강원대학교(삼척캠퍼스)"}, "오하영": {"SCIENCEON": "College of Computing & Informatics, Sungkyunkwan University", "KCI": "성균관대학교"}, "오흥선": {"NTIS": "한국기술교육대학교"}, "옥창수": {"NTIS": "홍익대학교"}, "옥철영": {"KCI": "울산대학교"}, "우지영": {"SCIENCEON": "순천향대학교 빅데이터공학과"}, "원달수": {"SCIENCEON": "배화여자대학교 스마트IT학과", "KCI": "배화여자대학교"}, "원문철": {"NTIS": "충남대학교"}, "유광훈": {"KCI": "한국외국어대학교"}, "유기호": {"NTIS": "전북대학교산학협력단"}, "유도근": {"SCIENCEON": "수원대학교 토목공학과 하천환경기술연구소", "KCI": "수원대학교"}, "유도식": {"SCIENCEON": "홍익대학교 대학원 전자전기공학과", "KCI": "홍익대학교"}, "유동현": {"KCI": "인하대학교"}, "유성준": {"KCI": "세종대학교"}, "유영환": {"NTIS": "부산대학교"}, "유윤섭": {"SCIENCEON": "한경대학교", "KCI": "한경대학교"}, "유재수": {"SCIENCEON": "충북대학교 정보통신공학과", "KCI": "충북대학교"}, "유준혁": {"KCI": "대구대학교"}, "윤광석": {"SCIENCEON": "한국건설기술연구원 국토보전연구본부", "KCI": "한국건설기술연구원"}, "윤근영": {"NTIS": "경희대학교(국제캠퍼스)"}, "윤명근": {"NTIS": "국민대학교"}, "윤병운": {"SCIENCEON": "동국대학교 산업시스템공학과", "KCI": "동국대학교 산업시스템공학과"}, "윤석민": {"NTIS": "경상대학교"}, "윤석현": {"NTIS": "단국대학교"}, "윤선권": {"SCIENCEON": "서울기술연구원 안전방재연구실"}, "윤용주": {"SCIENCEON": "포항공과대학교 화학공학과", "KCI": "포항공과대학교"}, "윤장혁": {"KCI": "건국대학교"}, "윤주상": {"SCIENCEON": "동의대학교 산업 ICT기술공학과"}, "윤지석": {"NTIS": "한국산업기술대학교"}, "윤지훈": {"KCI": "부산대학교"}, "윤형구": {"NTIS": "대전대학교 산학협력단"}, "윤희용": {"SCIENCEON": "성균관대학교 정보통신대학 전자전기컴퓨터공학과"}, "이강배": {"SCIENCEON": "동아대학교 경영정보학과", "KCI": "동아대학교"}, "이강윤": {"SCIENCEON": "가천대학교 컴퓨터공학과", "KCI": "가천대학교"}, "이건우": {"KCI": "한양대학교"}, "이경순": {"SCIENCEON": "전북대학교"}, "이관용": {"NTIS": "가톨릭대학교(성의교정)"}, "이광호": {"KCI": "고려대학교"}, "이규철": {"NTIS": "충남대학교"}, "이기성": {"KCI": "홍익대학교"}, "이기영": {"SCIENCEON": "인천대학교 사물인터넷 빅데이터 연구센터"}, "이기용": {"SCIENCEON": "Division of Computer Science, Sookmyung Women's University", "KCI": "숙명여자대학교"}, "이기하": {"NTIS": "경북대학교", "KCI": "경북대학교"}, "이나경": {"KCI": "명지대학교"}, "이대호": {"NTIS": "성균관대학교"}, "이동현": {"NTIS": "한국산업기술대학교"}, "이동호": {"SCIENCEON": "한양대학교 인공지능융합학과 바이오인공지능융합전공"}, "이동훈": {"SCIENCEON": "충북대학교 바이오시스템공학과", "KCI": "충북대학교 바이오시스템공학과"}, "이동희": {"SCIENCEON": "국민대학교 경영학부", "KCI": "국민대학교"}, "이두희": {"NTIS": "건국대학교"}, "이민욱": {"KCI": "국방과학연구소 기술원"}, "이민철": {"KCI": "인천대학교"}, "이민호": {"NTIS": "경북대학교"}, "이병국": {"KCI": "동서대학교"}, "이병식": {"KCI": "공주대학교"}, "이상선": {"KCI": "한양대학교"}, "이상용": {"SCIENCEON": "공주대학교 컴퓨터공학부", "KCI": "공주대학교"}, "이상원": {"NTIS": "경북대학교"}, "이상정": {"KCI": "순천향대학교"}, "이상준": {"NTIS": "숭실대학교"}, "이상현": {"KCI": "전남대학교"}, "이서진": {"KCI": "홍익대학교"}, "이서현": {"KCI": "Insight Mining"}, "이선정": {"KCI": "인천대학교"}, "이성근": {"SCIENCEON": "순천대학교"}, "이성환": {"NTIS": "고려대학교산학협력단"}, "이성희": {"SCIENCEON": "인하공업전문대학 컴퓨터정보과"}, "이송근": {"KCI": "Jeonju University"}, "이수원": {"NTIS": "숭실대학교", "SCIENCEON": "숭실대학교 소프트웨어학부", "KCI": "숭실대학교"}, "이수진": {"SCIENCEON": "국방대학교", "KCI": "국방대학교"}, "이순민": {"NTIS": "연세대학교산학협력단"}, "이승오": {"SCIENCEON": "홍익대학교 공과대학 토목공학과", "KCI": "홍익대학교"}, "이승원": {"NTIS": "세종대학교"}, "이양규": {"KCI": "한신대학교 정보통신학과"}, "이용": {"NTIS": "서울시립대학교"}, "이용준": {"KCI": "비이엘테크놀로지"}, "이욱": {"SCIENCEON": "한양대학교 정보시스템학과", "KCI": "한양대학교 정보시스템학과"}, "이원구": {"NTIS": "경희대학교(국제캠퍼스)"}, "이원태": {"NTIS": "금오공과대학교"}, "이원형": {"KCI": "중앙대학교"}, "이윤석": {"KCI": "한국외국어대학교"}, "이재성": {"SCIENCEON": "충북대학교"}, "이재영": {"KCI": "한국건설기술연구원"}, "이재완": {"SCIENCEON": "군산대학교"}, "이재희": {"NTIS": "목포대학교"}, "이정우": {"NTIS": "서울대학교 산학협력단"}, "이종민": {"SCIENCEON": "LIG시스템"}, "이종재": {"NTIS": "세종대학교"}, "이종혁": {"KCI": "포항공과대학교"}, "이주성": {"NTIS": "한양대학교 에리카산학협력단"}, "이주희": {"KCI": "연세대학교 문헌정보학과"}, "이진국": {"KCI": "연세대학교 실내건축학과"}, "이찬근": {"NTIS": "중앙대학교", "KCI": "중앙대학교"}, "이창진": {"KCI": "The 5th R&D Insitute - 1st Directorate", "SCIENCEON": "The 5th R&D Institute - 1st Directorate, Agency for Defense Development"}, "이창환": {"NTIS": "동국대학교산학협력단"}, "이충권": {"SCIENCEON": "계명대학교 경영정보학과", "KCI": "계명대학교"}, "이충희": {"SCIENCEON": "(주)엔씨소프트"}, "이태형": {"SCIENCEON": "인하공업전문대학 컴퓨터시스템과"}, "이현수": {"KCI": "금오공과대학교"}, "이현창": {"SCIENCEON": "원광대학교 디지털컴퓨터공학과"}, "이현호": {"SCIENCEON": "한국수자원공사 데이터센터", "KCI": "한국수자원공사 데이터센터"}, "이형천": {"NTIS": "아주대학교"}, "이형철": {"KCI": "한양대학교"}, "이홍철": {"KCI": "고려대학교"}, "임경재": {"SCIENCEON": "강원대학교 농업생명과학대학 지역건설공학과"}, "임대영": {"NTIS": "전북대학교"}, "임동훈": {"KCI": "경상대학교"}, "임명진": {"KCI": "조선대학교"}, "임병화": {"NTIS": "수원대학교"}, "임성훈": {"NTIS": "한림대학교"}, "임연섭": {"KCI": "성신여자대학교"}, "임정호": {"SCIENCEON": "울산과학기술원 도시환경공학과", "KCI": "울산과학기술원"}, "임창균": {"KCI": "전남대학교"}, "임창원": {"KCI": "중앙대학교"}, "임희석": {"SCIENCEON": "고려대학교 컴퓨터학과", "KCI": "고려대학교"}, "장경식": {"KCI": "한국기술교육대학교"}, "장관종": {"SCIENCEON": "호서대학교 벤처대학원 융합공학과", "KCI": "호서대학교"}, "장백철": {"SCIENCEON": "Department of Computer Science, Sangmyung University", "KCI": "상명대학교"}, "장봉수": {"NTIS": "울산과학기술원"}, "장성봉": {"KCI": "금오공과대학교"}, "장성주": {"SCIENCEON": "KAIST 건설및환경공학과, 건물성능및진단학", "KCI": "한국과학기술원"}, "장승진": {"NTIS": "한밭대학교"}, "장윤": {"KCI": "세종대학교"}, "장인홍": {"NTIS": "조선대학교"}, "장하연": {"KCI": "부산외국어대학교"}, "장한승": {"NTIS": "전남대학교"}, "장한울": {"NTIS": "연세대학교"}, "장혁재": {"KCI": "연세대학교"}, "장혜진": {"NTIS": "동국대학교"}, "장홍준": {"NTIS": "전주대학교"}, "장훈석": {"KCI": "한국전자기술연구원"}, "장희수": {"NTIS": "숭실대학교"}, "전덕빈": {"NTIS": "한국과학기술원"}, "전해정": {"KCI": "상명대학교"}, "전홍배": {"KCI": "홍익대학교"}, "정경용": {"NTIS": "경기대학교산학협력단"}, "정계동": {"KCI": "광운대학교"}, "정길도": {"NTIS": "전북대학교"}, "정동원": {"SCIENCEON": "Kunsan National University"}, "정보경": {"SCIENCEON": "부경대학교 공간정보시스템공학과", "KCI": "부경대학교"}, "정선태": {"KCI": "숭실대학교"}, "정성택": {"NTIS": "한국산업기술대학교"}, "정성훈": {"NTIS": "인하대학교"}, "정영식": {"NTIS": "동국대학교"}, "정용주": {"NTIS": "계명대학교"}, "정용화": {"SCIENCEON": "Dept of Computer and Convergence Software, Korea University", "KCI": "고려대학교"}, "정유철": {"NTIS": "금오공과대학교", "SCIENCEON": "금오공과대학교 컴퓨터공학과"}, "정윤경": {"NTIS": "성균관대학교(자연과학캠퍼스)"}, "정윤서": {"KCI": "고려대학교"}, "정은성": {"KCI": "홍익대학교"}, "정이나": {"SCIENCEON": "Catholic Kwandong University, Department of Software", "KCI": "가톨릭관동대학교"}, "정일문": {"SCIENCEON": "한국건설기술연구원 국토보전연구본부", "KCI": "한국건설기술연구원"}, "정일엽": {"NTIS": "국민대학교", "KCI": "Kookmin University"}, "정재우": {"KCI": "경북대학교"}, "정재은": {"NTIS": "중앙대학교", "KCI": "중앙대학교"}, "정종필": {"NTIS": "성균관대학교(자연과학캠퍼스)"}, "정준호": {"NTIS": "동국대학교"}, "정철": {"NTIS": "세종대학교"}, "정하영": {"KCI": "경남대학교"}, "정한조": {"NTIS": "목포대학교"}, "정혜영": {"KCI": "한양대학교"}, "정회경0": {"SCIENCEON": "배재대학교", "KCI": "배재대학교"}, "정회경1": {"SCIENCEON": "National Science & Technology Information Service, KISTI"}, "조광곤": {"KCI": "금강유역환경청"}, "조규철": {"KCI": "인하공업전문대학"}, "조남욱": {"NTIS": "한성대학교산학협력단"}, "조남준": {"NTIS": "순천향대학교"}, "조명아": {"NTIS": "연세대학교"}, "조민수": {"NTIS": "광운대학교"}, "조성제": {"NTIS": "단국대학교"}, "조수진": {"NTIS": "서울시립대학교산학협력단"}, "조술연": {"KCI": "North Carolina State University"}, "조신": {"KCI": "연세대학교"}, "조영래": {"KCI": "연세대학교"}, "조영복": {"SCIENCEON": "대전대학교"}, "조완섭": {"SCIENCEON": "충북대학교 경영정보학과", "KCI": "충북대학교"}, "조용석": {"NTIS": "경상대학교"}, "조재완": {"NTIS": "인하대학교"}, "조정호": {"NTIS": "순천향대학교"}, "조천우": {"KCI": "인하공업전문대학"}, "조하현": {"KCI": "연세대학교"}, "조현순": {"NTIS": "국립암센터국제암대학원대학교"}, "조효섭": {"SCIENCEON": "환경부 낙동강홍수통제소"}, "좌정우": {"SCIENCEON": "Dept. of Telecommunication Engineering, Jeju National University", "KCI": "제주대학교"}, "지상문": {"NTIS": "경성대학교"}, "쩐득충": {"SCIENCEON": "울산대학교 공과대학 건설환경공학부"}, "차재혁": {"SCIENCEON": "한양대학교 컴퓨터소프트웨어학과"}, "차정원": {"NTIS": "창원대학교"}, "채동규": {"NTIS": "한양대학교"}, "채철주": {"NTIS": "한국농수산대학"}, "최근호": {"KCI": "한밭대학교"}, "최린": {"KCI": "고려대학교"}, "최미정": {"KCI": "강원대학교"}, "최병구": {"KCI": "국민대학교"}, "최선용": {"NTIS": "가천대학교"}, "최성필": {"KCI": "경기대학교"}, "최송아": {"KCI": "이화여자대학교"}, "최승욱": {"KCI": "부산테크노파크"}, "최승현": {"NTIS": "한밭대학교"}, "최승호": {"KCI": "서울과학기술대학교"}, "최승회": {"KCI": "한국항공대학교"}, "최아영": {"SCIENCEON": "가천대학교 소프트웨어학과", "KCI": "가천대학교"}, "최영렬": {"KCI": "한국생산기술연구원"}, "최영진": {"SCIENCEON": "Department of Electrical and Electronic Engineering, Hanyang University", "KCI": "한양대학교"}, "최용훈": {"NTIS": "광운대학교"}, "최우성": {"NTIS": "고려대학교"}, "최유영": {"NTIS": "고려대학교"}, "최은정": {"KCI": "서울여자대학교"}, "최장훈": {"KCI": "보험연구원"}, "최재식": {"KCI": "한국과학기술원"}, "최재영": {"NTIS": "한국외국어대학교(글로벌캠퍼스)"}, "최준영": {"SCIENCEON": "Jeonju University"}, "최지은": {"NTIS": "부경대학교"}, "최진영": {"NTIS": "아주대학교"}, "최효상": {"SCIENCEON": "조선대학교 전기공학과", "KCI": "조선대학교"}, "최훈": {"KCI": "부산가톨릭대학교"}, "최희열": {"KCI": "한동대학교"}, "최희준": {"NTIS": "연세대학교"}, "콜레카르 산자이 시바니": {"KCI": "전남대학교"}, "하성호": {"SCIENCEON": "경북대학교 경영학부", "KCI": "경북대학교"}, "한건연": {"SCIENCEON": "경북대학교 공과대학 토목공학과"}, "한군희": {"KCI": "백석대학교"}, "한동권": {"NTIS": "동아대학교"}, "한무명초": {"KCI": "동국대학교 경주캠퍼스 파라마타칼리지 디지털기초교육부"}, "한상욱": {"KCI": "한양대학교"}, "한영기": {"NTIS": "경북대학교"}, "한예지": {"SCIENCEON": "한국외국어대학교 대학원 통계학과", "KCI": "한국외국어대학교 대학원 통계학과"}, "한태동": {"KCI": "서경대학교"}, "허견": {"KCI": "Yonsei University"}, "허덕행": {"NTIS": "창원문성대학 산학협력단"}, "허장욱0": {"SCIENCEON": "금오공과대학교 기계시스템공학과", "KCI": "금오공과대학교"}, "홍선기": {"KCI": "호서대학교"}, "홍성혁": {"KCI": "백석대학교"}, "홍준기": {"KCI": "배재대학교"}, "홍태호": {"SCIENCEON": "부산대학교 경영대학", "KCI": "부산대학교"}, "황광일": {"SCIENCEON": "한국해양대학교 기계공학부", "KCI": "한국해양대학교 기계공학부 교수"}, "황병기": {"KCI": "상명대학교"}, "황영배": {"NTIS": "충북대학교"}, "황인준": {"NTIS": "고려대학교", "SCIENCEON": "고려대학교 전기전자공학과", "KCI": "고려대학교"}, "황인철": {"NTIS": "강원대학교"}, "황인태": {"KCI": "전남대학교"}, "황재동": {"SCIENCEON": "국립수산과학원", "KCI": "국립수산과학원"}, "황제웅": {"SCIENCEON": "서울시립대학교 교통공학과", "KCI": "서울시립대학교"}, "황진율": {"NTIS": "부산대학교"}, "황찬익": {"KCI": "대전대학교"}, "황치곤": {"KCI": "광운대학교"}, "황태원": {"NTIS": "연세대학교"}}