﻿{"강경태": {"NTIS": "한양대학교 에리카산학협력단"}, "강다연": {"KCI": "동아대학교"}, "강대균": {"SCIENCEON": "서울대학교 협동과정 농림기상학", "KCI": "서울대학교"}, "강병관": {"NTIS": "주식회사 워너버스이노베이션"}, "강병훈": {"NTIS": "한국과학기술원"}, "강수용": {"NTIS": "한양대학교산학협력단"}, "강순주": {"NTIS": "경북대학교"}, "강승우": {"NTIS": "한국기술교육대학교"}, "강우철": {"NTIS": "인천대학교"}, "강재우": {"NTIS": "고려대학교"}, "강진규": {"NTIS": "명지대학교"}, "강철하": {"KCI": "한국IT법학연구소"}, "강충구": {"NTIS": "고려대학교"}, "강태구": {"KCI": "건양사이버대학교"}, "강필성": {"NTIS": "영산대학교"}, "강현철": {"KCI": "한국지질자원연구원"}, "경연웅": {"KCI": "한신대학교"}, "고광만": {"NTIS": "상지대학교"}, "고영명": {"NTIS": "포항공과대학교"}, "고영배": {"NTIS": "아주대학교"}, "고윤민": {"NTIS": "한동대학교"}, "고인영": {"NTIS": "한국과학기술원"}, "고정길": {"NTIS": "연세대학교"}, "곽정호": {"NTIS": "대구대학교"}, "곽진": {"SCIENCEON": "아주대학교 사이버보안학과"}, "곽춘종": {"NTIS": "부산대학교"}, "구동영": {"NTIS": "한성대학교"}, "구민석": {"NTIS": "인천대학교"}, "구원본": {"SCIENCEON": "이노그리드 클라우드컴퓨팅연구센터"}, "구인수": {"NTIS": "울산대학교"}, "구자환": {"NTIS": "성균관대학교(자연과학캠퍼스)"}, "권건보": {"KCI": "아주대학교"}, "권경목": {"NTIS": "한국과학기술원"}, "권숙진": {"KCI": "호원대학교"}, "권순동": {"SCIENCEON": "충북대학교 경영정보학과"}, "권영우": {"NTIS": "경북대학교"}, "권태경0": {"NTIS": "연세대학교"}, "권태경1": {"NTIS": "서울대학교 산학협력단"}, "권헌영": {"KCI": "고려대학교"}, "권현": {"SCIENCEON": "육군사관학교 전자공학과", "KCI": "육군사관학교"}, "권혜정": {"KCI": "숭실대"}, "권희주": {"KCI": "건국대학교"}, "금승우": {"SCIENCEON": "전자부품연구원"}, "길준민": {"NTIS" : "대구가톨릭대학교", "SCIENCEON": "대구가톨릭대학교 IT공학부", "KCI": "대구가톨릭대학교"}, "길현영": {"NTIS": "한국항공대학교"}, "김강석": {"SCIENCEON": "아주대학교 사이버보안학과", "KCI": "아주대학교"}, "김강철": {"KCI": "전남대학교"}, "김강희": {"NTIS": "숭실대학교"}, "김경일": {"SCIENCEON": "한국교통대학교 융합경영전공", "KCI": "한국교통대학교"}, "김광수": {"NTIS": "성균관대학교 산학협력단"}, "김광용": {"KCI": "숭실대학교"}, "김광훈": {"SCIENCEON": "Division of Computer Engineering, Kyonggi University", "KCI": "경기대학교"}, "김규영": {"NTIS": "고려대학교"}, "김규태": {"KCI": "계명대학교"}, "김근형": {"NTIS": "동의대학교"}, "김기성": {"KCI": "대구가톨릭대학교"}, "김기천": {"NTIS": "건국대학교"}, "김대겸": {"KCI": "한국생명공학연구원"}, "김대영0": {"NTIS": "순천향대학교"}, "김대영1": {"NTIS": "한국과학기술원"}, "김대원": {"NTIS": "중앙대학교"}, "김덕환": {"NTIS": "인하대학교 산학협력단"}, "김도경": {"KCI": "단국대학교"}, "김도근": {"KCI": "동명대학교"}, "김도형": {"NTIS": "강원대학교"}, "김도훈": {"KCI": "덕성여자대학교"}, "김동균0": {"KCI": "한국과학기술정보연구원"}, "김동균1": {"KCI": "경북대학교"}, "김동우": {"NTIS": "한양대학교(ERICA캠퍼스)"}, "김동주": {"NTIS": "고려대학교"}, "김동현": {"NTIS": "서울대학교"}, "김두현": {"NTIS": "건국대학교산학협력단"}, "김명선": {"NTIS": "한성대학교산학협력단"}, "김명일": {"SCIENCEON": "한국과학기술정보연구원", "KCI": "한국과학기술정보연구원"}, "김명호": {"KCI": "숭실대학교"}, "김민걸": {"NTIS": "전북대학교병원"}, "김민수": {"NTIS": "한국과학기술원"}, "김병서": {"NTIS": "홍익대학교(세종캠퍼스)"}, "김보라": {"SCIENCEON": "경북대학교 경영학부", "KCI": "경북대학교 경영학부 대학원 박사수료"}, "김상배": {"KCI": "서울대학교"}, "김상엽": {"NTIS": "고려대학교"}, "김상현": {"KCI": "경북대학교", "SCIENCEON": "경북대학교 경영학부", "NTIS": "경북대학교"}, "김석윤": {"SCIENCEON": "숭실대학교 컴퓨터학과"}, "김선": {"NTIS": "서울대학교"}, "김선택": {"KCI": "충남과학고등학교"}, "김성년": {"KCI": "숭실대학교"}, "김성민": {"KCI": "성신여자대학교"}, "김성백": {"KCI": "제주대학교"}, "김성호": {"KCI": "울산과학기술원"}, "김세윤": {"KCI": ""}, "김세진": {"NTIS": "조선대학교"}, "김세화": {"SCIENCEON": "한국외국어대학교 정보통신공학과"}, "김수균": {"SCIENCEON": "제주대학교 컴퓨터공학전공"}, "김수동": {"SCIENCEON": "숭실대학교 소프트웨어학부", "KCI": "숭실대학교"}, "김순희": {"SCIENCEON": "충남대학교 문헌정보학과", "KCI": "충남대학교"}, "김승연": {"NTIS": "고려대학교세종캠퍼스"}, "김애영": {"NTIS": "한양대학교(ERICA캠퍼스) 공학기술연구소"}, "김양우": {"SCIENCEON": "동국대학교 정보통신공학과", "KCI": "동국대학교"}, "김영식": {"NTIS": "조선대학교 산학협력단"}, "김영진0": {"NTIS": "인하대학교"}, "김영진1": {"NTIS": "포항공과대학교"}, "김영한": {"NTIS": "숭실대학교산학협력단", "KCI": "숭실대학교"}, "김예덕": {"KCI": "경희대학교 법학전문대학원"}, "김용민": {"SCIENCEON": "전남대학교 정보보안협동과정대학원", "KCI": "전남대학교"}, "김용승": {"SCIENCEON": "한국항공우주연구원 위성활용실", "KCI": "한국항공우주연구원"}, "김용의": {"KCI": "동아대학교"}, "김용현": {"NTIS": "전북대학교"}, "김용환": {"SCIENCEON": "한국과학기술정보연구원"}, "김우성": {"NTIS": "가천대학교"}, "김우주": {"SCIENCEON": "연세대학교 공과대학 산업공학과", "KCI": "연세대학교"}, "김원석0": {"NTIS": "안동대학교", "KCI": "안동대학교"}, "김원석1": {"KCI": "부산대학교 전기전자컴퓨터공학과"}, "김원태": {"SCIENCEON": "한국기술교육대학교 컴퓨터공학과", "KCI": "한국기술교육대학교"}, "김유경": {"KCI": "숙명여자대학교"}, "김윤희": {"NTIS": "숙명여자대학교", "KCI": "숙명여자대학교"}, "김은삼": {"NTIS": "홍익대학교"}, "김은주": {"SCIENCEON": "National Information Society Agency", "KCI": "한국정보화진흥원"}, "김의직": {"NTIS": "한림대학교"}, "김이석": {"NTIS": "한양대학교"}, "김이형": {"KCI": "울산 송정초등학교"}, "김인석": {"SCIENCEON": "고려대학교 정보보호대학원", "KCI": "고려대학교"}, "김일환": {"KCI": "성균관대학교"}, "김재곤": {"KCI": "인천대학교"}, "김재운": {"KCI": "국회"}, "김재일": {"KCI": "경북대학교"}, "김재필": {"KCI": "순천향대학교"}, "김재훈": {"NTIS": "아주대학교"}, "김정근": {"NTIS": "연세대학교"}, "김제숭": {"NTIS": "상지대학교"}, "김종": {"NTIS": "포항공과대학교 산학협력단"}, "김종우": {"KCI": "강남대학교"}, "김종욱": {"KCI": "상명대학교"}, "김종원": {"SCIENCEON": "광주과학기술원 전기전자컴퓨터공학부", "KCI": "광주과학기술원 전기전자컴퓨터공학부"}, "김종호": {"KCI": "호서대학교"}, "김종훈": {"SCIENCEON": "제주대학교 초등컴퓨터교육전공"}, "김주영0": {"NTIS": "한국과학기술원"}, "김주영1": {"NTIS": "우석대학교"}, "김준수": {"NTIS": "서울대학교"}, "김중헌": {"NTIS": "중앙대학교산학협력단"}, "김지선": {"NTIS": "이화여자대학교"}, "김지연": {"NTIS": "제주대학교"}, "김지홍": {"NTIS": "서울대학교"}, "김진수": {"KCI": "해군사관학교"}, "김진숙": {"NTIS": "한림대학교"}, "김진술": {"NTIS": "전남대학교"}, "김진환": {"KCI": "한성대학교"}, "김찬기": {"NTIS": "조선대학교"}, "김창욱": {"NTIS": "연세대학교"}, "김태윤": {"NTIS": "순천향대학교(천안)"}, "김태현": {"NTIS": "서울대학교"}, "김태홍": {"NTIS": "충북대학교"}, "김학일": {"NTIS": "인하대학교"}, "김현성": {"NTIS": "경일대학교"}, "김현철0": {"NTIS": "남서울대학교"}, "김현철1": {"KCI": "정보통신산업진흥원"}, "김형국": {"NTIS": "광운대학교"}, "김형기": {"KCI": "인하대학교"}, "김호원": {"NTIS": "부산대학교산학협력단"}, "김홍주": {"NTIS": "경북대학교산학협력단"}, "김화종": {"NTIS": "강원대학교"}, "김황남": {"KCI": "고려대학교"}, "김훈": {"NTIS": "인천대학교"}, "김희성": {"KCI": "강원대학교"}, "나연묵": {"KCI": "단국대학교"}, "나원식": {"SCIENCEON": "남서울대학교 컴퓨터소프트웨어학과", "KCI": "남서울대학교"}, "남상욱": {"NTIS": "서울대학교 산학협력단"}, "남수중": {"KCI": "공주대학교"}, "남해운": {"NTIS": "한양대학교(ERICA캠퍼스)"}, "낭종호": {"NTIS": "서강대학교산학협력단"}, "노건태": {"NTIS": "서울사이버대학교"}, "노광현": {"NTIS": "한성대학교산학협력단"}, "노동건": {"NTIS": "숭실대학교"}, "노상도": {"NTIS": "성균관대학교"}, "노서영": {"NTIS": "충북대학교"}, "노원종": {"NTIS": "한림대학교"}, "노종선": {"NTIS": "서울대학교 산학협력단"}, "도인실": {"NTIS": "이화여자대학교"}, "류영렬": {"NTIS": "서울대학교"}, "류호용": {"SCIENCEON": "한국전자통신연구원(ETRI) 네트워크연구본부", "KCI": "한국전자통신연구원"}, "맹승렬": {"NTIS": "한국과학기술원"}, "문수묵": {"NTIS": "서울대학교"}, "문수복": {"NTIS": "한국과학기술원"}, "문주형": {"NTIS": "이화여자대학교"}, "문철": {"NTIS": "한국교통대학교산학협력단"}, "문현곤": {"NTIS": "울산과학기술원"}, "문현석": {"SCIENCEON": "한국건설기술연구원, 미래융합연구본부 건설자동화연구센터", "KCI": "한국건설기술연구원"}, "문형진0": {"SCIENCEON": "성결대학교 정보통신공학과"}, "문형진1": {"KCI": "독립연구자"}, "민경민": {"NTIS": "숭실대학교 산학협력단"}, "민경식": {"NTIS": "국민대학교"}, "민덕기": {"NTIS": "건국대학교"}, "민성기": {"KCI": "대구대학교"}, "민홍": {"SCIENCEON": "호서대학교 컴퓨터정보공학부", "KCI": "호서대학교"}, "박강령": {"NTIS": "동국대학교"}, "박경덕": {"NTIS": "한국과학기술원"}, "박광국": {"SCIENCEON": "가톨릭대학교 행정학과", "KCI": "가톨릭대학교"}, "박기웅": {"NTIS": "세종대학교", "SCIENCEON": "세종대학교 정보보호학과", "KCI": "세종대학교"}, "박기호": {"KCI": "세종대학교"}, "박대진": {"NTIS": "경북대학교", "SCIENCEON": "School of Electronic and Electrical Engineering, Kyungpook National University"}, "박두산": {"NTIS": "경북대학교 산학협력단"}, "박명철": {"KCI": "경운대학교"}, "박문주": {"NTIS": "인천대학교"}, "박민용": {"SCIENCEON": "반석안전주식회사", "KCI": "반석안전주식회사"}, "박민호": {"NTIS": "숭실대학교"}, "박상오": {"NTIS": "중앙대학교"}, "박상현": {"NTIS": "연세대학교"}, "박상훈": {"NTIS": "동국대학교"}, "박석천": {"NTIS": "가천대학교 산학협력단"}, "박석환": {"NTIS": "전북대학교"}, "박선일": {"NTIS": "국립강원대학교 산학협력단"}, "박성민0": {"NTIS": "이화여자대학교산학협력단"}, "박성민1": {"SCIENCEON": "한국인터넷진흥원 지능형사이버방어R&D팀"}, "박성수": {"KCI": "한국철도기술연구원"}, "박성순": {"KCI": "안양대학교"}, "박성욱": {"KCI": "한국과학기술정보연구원"}, "박세혁": {"KCI": "홍익대학교"}, "박수현": {"NTIS": "중앙대학교"}, "박수희": {"SCIENCEON": "동덕여자대학교 컴퓨터학과", "KCI": "동덕여자대학교"}, "박승보": {"NTIS": "인하대학교"}, "박승환": {"NTIS": "강원대학교"}, "박연출": {"SCIENCEON": "LG 로봇선행연구소", "KCI": "LG 로봇선행연구소"}, "박영택": {"KCI": "숭실대학교"}, "박영호0": {"NTIS": "숙명여자대학교"}, "박영호1": {"NTIS": "경북대학교"}, "박용완": {"NTIS": "영남대학교"}, "박원형": {"SCIENCEON": "상명대학교 정보보안공학과", "KCI": "상명대학교"}, "박은영": {"SCIENCEON": "Department of Biomedical Laboratory Science, Shinhan University", "KCI": "신한대학교"}, "박은우": {"SCIENCEON": "서울대학교", "KCI": "서울대학교"}, "박은정": {"NTIS": "연세대학교"}, "박종권": {"SCIENCEON": "한밭대학교 모바일융합과", "KCI": "한밭대학교"}, "박종웅": {"NTIS": "중앙대학교"}, "박종혁0": {"SCIENCEON": "서울과학기술대학교 컴퓨터공학과"}, "박종혁1": {"SCIENCEON": "Department of Convergence in Health and Biomedicine Program in Health Policy Graduate, School, Chungbuk National University", "KCI": "충북대학교"}, "박종환": {"NTIS": "상명대학교산학협력단"}, "박준석": {"NTIS": "부산대학교"}, "박중오": {"KCI": "성결대학교"}, "박진호0": {"KCI": "숭실대학교"}, "박진호1": {"KCI": "동국대학교"}, "박찬익": {"NTIS": "포항공과대학교 산학협력단"}, "박찬홍": {"NTIS": "동서대학교"}, "박창규": {"NTIS": "건국대학교산학협력단"}, "박창수": {"NTIS": "광주과학기술원"}, "박현선": {"SCIENCEON": "경북대학교 경영학부", "KCI": "경북대학교"}, "박현아": {"NTIS": "경동대학교"}, "박현찬": {"NTIS": "전북대학교"}, "박현희": {"NTIS": "명지대학교 산학협력단"}, "박호성": {"NTIS": "전남대학교산학협력단"}, "박홍준": {"NTIS": "포항공과대학교"}, "박희경": {"NTIS": "한국과학기술원"}, "배인한": {"KCI": "대구가톨릭대학교"}, "백낙훈": {"NTIS": "경북대학교"}, "백상헌": {"NTIS": "고려대학교"}, "백상현": {"NTIS": "한양대학교(ERICA캠퍼스)"}, "백욱인": {"KCI": "서울과학기술대학교"}, "백웅기": {"NTIS": "울산과학기술원"}, "백윤흥": {"NTIS": "서울대학교", "SCIENCEON": "서울대학교 전기.정보공학부, 반도체공동연구소"}, "백장운": {"NTIS": "육군사관학교"}, "벅스텔러번트": {"NTIS": "연세대학교"}, "블라디미르사호브": {"NTIS": "울산대학교"}, "서광규": {"KCI": "상명대학교"}, "서동우": {"SCIENCEON": "한국과학기술정보연구원 가상설계센터", "KCI": "한국과학기술정보연구원 가상설계센터"}, "서방원": {"KCI": "공주대학교"}, "서석충": {"SCIENCEON": "국민대학교", "KCI": "국민대학교"}, "서승현": {"NTIS": "한양대학교(ERICA캠퍼스)"}, "서영호": {"NTIS": "광운대학교산학협력단"}, "서운석": {"KCI": "한국보훈복지의료공단보훈교육"}, "서의성": {"NTIS": "성균관대학교(자연과학캠퍼스)"}, "서재홍": {"NTIS": "한양대학교"}, "서정일": {"SCIENCEON": "한국전자통신연구원"}, "서정현0": {"SCIENCEON": "Dept. of Computational Science Platform Center, Korea Institute of Science and Technology Information (KISTI)"}, "서정현1": {"KCI": "한국과학기술정보연구원"}, "서종원": {"NTIS": "한양대학교"}, "서주연": {"NTIS": "경상대학교", "KCI": "부산경상대학교"}, "서주환": {"SCIENCEON": "경희대학교 예술.디자인대학 환경조경디자인학과", "KCI": "경희대학교"}, "석승준": {"KCI": "경남대학교"}, "설민수": {"KCI": "서울남부지방법원"}, "성미영": {"NTIS": "인천대학교"}, "성봉근": {"KCI": "서경대학교"}, "성열홍": {"KCI": "홍익대학교"}, "성영철": {"NTIS": "한국과학기술원"}, "성혁기": {"NTIS": "홍익대학교"}, "손광훈": {"NTIS": "연세대학교"}, "손미애": {"NTIS": "성균관대학교"}, "손세형": {"NTIS": "성균관대학교 산학협력단"}, "손영화": {"KCI": "인하대학교"}, "손용석": {"NTIS": "중앙대학교"}, "손윤식": {"NTIS": "동국대학교"}, "손재기": {"KCI": "전자부품연구원"}, "송광윤": {"NTIS": "조선대학교"}, "송기상": {"SCIENCEON": "한국교원대학교 컴퓨터교육과", "KCI": "한국교원대학교"}, "송다혜": {"SCIENCEON": "인하공업전문대학 컴퓨터정보공학과"}, "송민석": {"NTIS": "인하대학교"}, "송병철": {"NTIS": "인하대학교산학협력단"}, "송선영": {"KCI": "경상대학교"}, "송영준": {"NTIS": "금오공과대학교"}, "송영진": {"KCI": "경찰대학"}, "송영호": {"KCI": "전북대학교"}, "송왕철": {"NTIS": "제주대학교"}, "송유진": {"NTIS": "동국대학교(경주캠퍼스)"}, "송의성": {"SCIENCEON": "부산교육대학교 컴퓨터교육과", "KCI": "부산교육대학교"}, "송재승": {"NTIS": "세종대학교 산학협력단", "KCI": "세종대학교"}, "송주석": {"NTIS": "연세대학교"}, "송하윤": {"NTIS": "홍익대학교"}, "송현섭": {"NTIS": "울산과학기술원"}, "송혜정": {"NTIS": "한림대학교"}, "신광성": {"NTIS": "원광대학교"}, "신동군": {"KCI": "성균관대학교"}, "신동수": {"SCIENCEON": "(주)에이더블유아이", "KCI": "㈜에이더블유아이"}, "신병춘": {"SCIENCEON": "전남대학교 수학과", "KCI": "전남대학교"}, "신상욱": {"NTIS": "부경대학교"}, "신영주0": {"NTIS": "광운대학교", "SCIENCEON": "광운대학교 컴퓨터정보공학부", "KCI": "광운대학교"}, "신영주1": {"KCI": "고려대학교"}, "신용태": {"NTIS": "숭실대학교", "SCIENCEON": "숭실대학교 컴퓨터학부", "KCI": "숭실대학교"}, "신용현": {"SCIENCEON": "서울과학기술대학교 컴퓨터공학과", "KCI": "서울과학기술대학교"}, "신진": {"KCI": "충남대학교"}, "신창선": {"NTIS": "순천대학교 산학협력단"}, "심기중": {"NTIS": "군산대학교 산학협력단"}, "심동희": {"KCI": "전주대학교"}, "심병효": {"NTIS": "서울대학교"}, "심우민": {"KCI": "경인교육대학교"}, "심재윤": {"NTIS": "포항공과대학교"}, "안동언": {"SCIENCEON": "전북대학교 IT정보공학과", "KCI": "전북대학교"}, "안상현": {"SCIENCEON": "서울시립대학교 컴퓨터과학부", "KCI": "서울시립대학교"}, "안성용": {"NTIS": "부산대학교산학협력단"}, "안성훈": {"NTIS": "서울대학교산학협력단"}, "안정섭": {"NTIS": "아주대학교"}, "안현주": {"NTIS": "충남대학교 산학협력단"}, "안현철": {"SCIENCEON": "국민대학교 비즈니스IT전문대학원", "KCI": "국민대학교"}, "양대헌": {"NTIS": "인하대학교"}, "양동민": {"SCIENCEON": "전북대학교 기록관리학과, 문화융복합아카이빙연구소", "KCI": "전북대학교"}, "양은주": {"NTIS": "한국과학기술원"}, "양회석": {"NTIS": "아주대학교"}, "양희철": {"NTIS": "금오공과대학교"}, "엄영익": {"NTIS": "성균관대학교(자연과학캠퍼스)", "KCI": "성균관대학교"}, "엄정호": {"KCI": "대전대학교"}, "엄태원": {"NTIS": "조선대학교"}, "여인준": {"NTIS": "광주과학기술원"}, "여화수": {"NTIS": "한국과학기술원"}, "염근혁": {"NTIS": "부산대학교", "SCIENCEON": "부산대학교 전기컴퓨터공학부", "KCI": "부산대학교"}, "염용진": {"NTIS": "국민대학교"}, "오명훈": {"SCIENCEON": "한국전자통신연구원 클라우드컴퓨팅연구그룹"}, "오상윤": {"NTIS": "아주대학교"}, "오새룬터": {"NTIS": "한양대학교(ERICA캠퍼스)"}, "오선진": {"KCI": "세명대학교"}, "오세용": {"NTIS": "성균관대학교(자연과학캠퍼스)"}, "오인하": {"SCIENCEON": "건국대학교 신산업융합학과", "KCI": "건국대학교"}, "오지수": {"NTIS": "연세대학교"}, "오하영": {"NTIS": "아주대학교"}, "오현철": {"KCI": "성결대학교"}, "온병원": {"KCI": "군산대학교"}, "우미애": {"KCI": "세종대학교"}, "원유집": {"NTIS": "한국과학기술원"}, "원종빈": {"NTIS": "중앙대학교"}, "원중호": {"NTIS": "서울대학교"}, "유관종": {"SCIENCEON": "충남대학교 컴퓨터공학과"}, "유기진": {"NTIS": "가이온"}, "유남현": {"NTIS": "경남대학교"}, "유명식": {"NTIS": "숭실대학교 산학협력단"}, "유준혁": {"NTIS": "대구대학교"}, "유헌창": {"SCIENCEON": "고려대학교 컴퓨터전파통신공학과"}, "유혁": {"NTIS": "고려대학교산학협력단"}, "유환조": {"NTIS": "포항공과대학교"}, "윤상운": {"SCIENCEON": "인하공업전문대학, 컴퓨터정보과"}, "윤수경": {"NTIS": "연세대학교"}, "윤원영": {"NTIS": "부산대학교"}, "윤주범": {"SCIENCEON": "세종대학교", "KCI": "세종대학교"}, "윤현석": {"KCI": "원광대학교"}, "윤현수": {"NTIS": "한국과학기술원"}, "윤희용": {"NTIS": "성균관대학교 산학협력단", "SCIENCEON": "성균관대학교 정보통신대학 전자전기컴퓨터공학과"}, "이강현": {"NTIS": "조선대학교"}, "이강희": {"NTIS": "숭실대학교", "SCIENCEON": "숭실대학교 미디어학과"}, "이경렬": {"KCI": "성균관대학교"}, "이경민": {"NTIS": "분당서울대병원"}, "이경용": {"NTIS": "국민대학교산학협력단"}, "이경현": {"NTIS": "부경대학교"}, "이경호": {"SCIENCEON": "고려대학교 정보보호대학원", "KCI": "고려대학교"}, "이관규": {"NTIS": "조선대학교"}, "이광호": {"KCI": "육군3사관학교"}, "이국화": {"SCIENCEON": "한국과학기술정보연구원"}, "이금분": {"NTIS": "조선대학교"}, "이기범": {"NTIS": "연세대학교"}, "이기우": {"NTIS": "서울대학교"}, "이기원": {"NTIS": "한성대학교", "SCIENCEON": "한성대학교 전자정보공학과", "KCI": "한성대학교 전자정보공학과"}, "이길남": {"KCI": "가천대학교"}, "이남용": {"KCI": "숭실대학교"}, "이대원": {"NTIS": "서경대학교"}, "이대효": {"SCIENCEON": "지니언스(주) 연구기획실", "KCI": "지니언스(주) 연구기획실 실장"}, "이동만": {"NTIS": "한국과학기술원"}, "이동화": {"NTIS": "대구대학교"}, "이동훈": {"NTIS": "고려대학교산학협력단"}, "이두호": {"NTIS": "강원대학교(삼척캠퍼스)", "KCI": "강원대학교"}, "이명숙": {"NTIS": "계명대학교"}, "이명호": {"KCI": "세명대학교"}, "이무성": {"SCIENCEON": "MLSoft(주)"}, "이문석": {"NTIS": "부산대학교"}, "이문호": {"SCIENCEON": "전북대학교 전자정보공학부", "KCI": "전북대학교"}, "이미정": {"NTIS": "국민대학교"}, "이민영": {"KCI": "가톨릭대학교"}, "이병엽": {"NTIS": "배재대학교"}, "이병주": {"NTIS": "한양대학교 에리카 산학협력단"}, "이봉환": {"NTIS": "대전대학교 산학협력단"}, "이상구": {"NTIS": "성균관대학교(자연과학캠퍼스)"}, "이상근": {"NTIS": "고려대학교"}, "이상순": {"KCI": "가천대학교"}, "이상정": {"KCI": "순천향대학교"}, "이상준": {"NTIS": "숭실대학교"}, "이상진": {"SCIENCEON": "School of Cybersecurity, Korea University", "KCI": "고려대학교"}, "이상후": {"KCI": "법무법인 광장"}, "이상훈": {"KCI": "국방과학연구소(대전)"}, "이서영": {"KCI": "동양대학교"}, "이석규": {"NTIS": "영남대학교"}, "이석한": {"NTIS": "성균관대학교"}, "이선표": {"KCI": "(주)지란지교시큐리티"}, "이성주": {"NTIS": "고려대학교세종캠퍼스"}, "이성진": {"NTIS": "대구경북과학기술원"}, "이성필": {"KCI": "동서대학교"}, "이수경": {"NTIS": "연세대학교"}, "이수철": {"NTIS": "한국교통대학교"}, "이승민": {"NTIS": "국민대학교산학협력단"}, "이승용": {"NTIS": "포항공과대학교"}, "이승윤": {"SCIENCEON": "오픈소스센터"}, "이승현": {"NTIS": "광운대학교산학협력단"}, "이아랑": {"NTIS": "서울대학교 산학협력단"}, "이양선": {"NTIS": "서경대학교"}, "이연": {"NTIS": "인하대학교"}, "이연식": {"NTIS": "군산대학교"}, "이영기": {"NTIS": "서울대학교"}, "이영일": {"NTIS": "서울과학기술대학교"}, "이옥연": {"NTIS": "국민대학교"}, "이용우": {"NTIS": "서울시립대학교산학협력단", "SCIENCEON": "School of Electrical and Computer Engineering, University of Seoul", "KCI": "서울시립대학교"}, "이용주": {"SCIENCEON": "경북대학교 IT대학 컴퓨터학부", "KCI": "경북대학교"}, "이용준": {"KCI": "극동대학교 해킹보안학과"}, "이용환": {"NTIS": "금오공과대학교"}, "이욱재": {"NTIS": "공주대학교"}, "이원상": {"KCI": "조선대학교"}, "이원주": {"KCI": "인하공업전문대학"}, "이유태": {"NTIS": "동의대학교"}, "이윤정": {"NTIS": "제주대학교"}, "이융": {"NTIS": "한국과학기술원", "KCI": "한국과학기술원"}, "이은규": {"NTIS": "인천대학교"}, "이은영": {"NTIS": "동덕여자대학교"}, "이의신": {"SCIENCEON": "충북대학교 정보통신공학부", "KCI": "충북대학교"}, "이의종": {"NTIS": "충북대학교"}, "이의진0": {"NTIS": "서울과학기술대학교"}, "이의진1": {"NTIS": "한국과학기술원"}, "이인곤": {"NTIS": "성균관대학교", "KCI": "성균관대학교"}, "이인규": {"NTIS": "고려대학교산학협력단"}, "이재용": {"NTIS": "서울대학교"}, "이재환": {"NTIS": "한국항공대학교"}, "이정우": {"NTIS": "서울대학교"}, "이정훈": {"KCI": "중앙대학교"}, "이제희": {"KCI": "산업통상자원부 한미FTA대책과"}, "이종기": {"KCI": "제주국제대학교"}, "이종우": {"SCIENCEON": "숙명여자대학교 ICT융합공학부/ICT융합연구소", "KCI": "숙명여자대학교 ICT융합공학부/ICT융합연구소"}, "이종태": {"NTIS": "동국대학교 산학협력단"}, "이종혁": {"NTIS": "대구가톨릭대학교"}, "이종현": {"NTIS": "성균관대학교"}, "이주현": {"NTIS": "한양대학교(ERICA캠퍼스)"}, "이준구": {"NTIS": "한국과학기술원"}, "이지연": {"KCI": "동남보건대학교"}, "이지훈": {"NTIS": "상명대학교(천안캠퍼스)"}, "이진한": {"NTIS": "한양대학교산학협력단"}, "이창범": {"SCIENCEON": "한국교통안전공단", "KCI": "한국교통안전공단"}, "이채우": {"NTIS": "아주대학교"}, "이철승": {"KCI": "광주여자대학교"}, "이춘화": {"NTIS": "한양대학교"}, "이태진": {"SCIENCEON": "Division of Computer and Information Engineering, Hoseo University", "KCI": "호서대학교"}, "이태형": {"SCIENCEON": "인하공업전문대학 컴퓨터시스템과"}, "이학연": {"KCI": "서울과학기술대학교"}, "이한호": {"NTIS": "인하대학교 산학협력단"}, "이항우": {"KCI": "충북대학교"}, "이향숙": {"NTIS": "이화여자대학교"}, "이향원": {"NTIS": "건국대학교"}, "이형준": {"NTIS": "이화여자대학교"}, "이형태": {"NTIS": "전북대학교"}, "이홍로": {"KCI": "군산대학교"}, "이화민": {"NTIS": "순천향대학교"}, "이희석": {"KCI": "한국과학기술원"}, "이희훈": {"KCI": "선문대학교"}, "임성수": {"NTIS": "국민대학교산학협력단"}, "임승호": {"NTIS": "한국외국어대학교(글로벌캠퍼스)"}, "임유진": {"NTIS": "숙명여자대학교"}, "임인성": {"NTIS": "서강대학교"}, "임재한": {"NTIS": "광운대학교"}, "임종범": {"NTIS": "한국산업기술대학교"}, "임종욱": {"KCI": "경희대학교"}, "임종태": {"KCI": "한밭대학교"}, "임종화": {"NTIS": "경북대학교 산학협력단"}, "임진희": {"KCI": "서울특별시청"}, "임창균": {"NTIS": "전남대학교"}, "임창묵": {"KCI": "APEC 기후센터"}, "임창훈": {"NTIS": "건국대학교"}, "임철수": {"KCI": "서경대학교"}, "임철홍": {"KCI": "광주대학교"}, "임춘성": {"SCIENCEON": "연세대학교 산업공학과", "KCI": "연세대학교"}, "임헌국": {"KCI": "호서대학교"}, "임혁": {"NTIS": "광주과학기술원"}, "임현교": {"NTIS": "한국기술교육대학교"}, "임홍의": {"NTIS": "한림대학교산학협력단"}, "임효택": {"NTIS": "동서대학교"}, "장경배": {"KCI": "고려사이버대학교"}, "장기철": {"SCIENCEON": "전북대학교 교육학과"}, "장시웅": {"SCIENCEON": "동의대학교"}, "장안진": {"NTIS": "서울대학교"}, "장영민": {"NTIS": "국민대학교"}, "장은겸": {"KCI": "장안대학교"}, "장재우": {"NTIS": "전북대학교", "SCIENCEON": "전북대학교 IT정보공학과", "KCI": "전북대학교"}, "장중혁": {"NTIS": "대구대학교산학협력단"}, "장진수0": {"NTIS": "충남대학교"}, "장진수1": {"NTIS": "전북대학교산학협력단"}, "장항배": {"SCIENCEON": "중앙대학교 융합보안학과", "KCI": "중앙대학교"}, "장환": {"KCI": "한국방송통신대학교 정보과학과"}, "장효경": {"KCI": "한남대학교"}, "전상운": {"NTIS": "한양대학교(ERICA캠퍼스)"}, "전유창": {"NTIS": "아주대학교"}, "정경용": {"SCIENCEON": "경기대학교 컴퓨터공학부", "KCI": "경기대학교"}, "정규만": {"KCI": "대구대학교"}, "정규수": {"SCIENCEON": "한국건설기술연구원 ICT융합연구소", "KCI": "한국건설기술연구원"}, "정기문": {"KCI": "한국과학기술정보연구원"}, "정명인": {"NTIS": "육군사관학교"}, "정명훈": {"NTIS": "조선대학교"}, "정미연": {"KCI": "㈜코메스타"}, "정방철": {"NTIS": "충남대학교"}, "정상화": {"NTIS": "부산대학교 산학협력단", "KCI": "부산대학교"}, "정성아": {"NTIS": "경북대학교"}, "정성우": {"NTIS": "고려대학교"}, "정세영": {"NTIS": "한국과학기술원"}, "정세원": {"NTIS": "울산과학기술원"}, "정세훈": {"NTIS": "안동대학교"}, "정소연": {"SCIENCEON": "성균관대학교 컴퓨터교육과"}, "정순기": {"NTIS": "경북대학교"}, "정연돈": {"NTIS": "고려대학교"}, "정영민": {"NTIS": "경희대학교(국제캠퍼스)"}, "정영식": {"NTIS": "동국대학교", "SCIENCEON": "동국대학교 멀티미디어공학과"}, "정영준": {"SCIENCEON": "임베디드시스템연구그룹"}, "정용호": {"NTIS": "청운대학교"}, "정원기": {"NTIS": "고려대학교"}, "정윤희": {"KCI": "건국대학교"}, "정은성": {"NTIS": "홍익대학교 세종캠퍼스 산학협력단"}, "정의영": {"NTIS": "연세대학교 산학협력단"}, "정인범": {"NTIS": "강원대학교"}, "정일영": {"NTIS": "한국외국어대학교 연구산학협력단"}, "정임영": {"NTIS": "경북대학교"}, "정재훈": {"NTIS": "성균관대학교(자연과학캠퍼스)"}, "정제창": {"NTIS": "한양대학교산학협력단"}, "정종필": {"NTIS": "성균관대학교(자연과학캠퍼스)", "SCIENCEON": "성균관대학교 스마트팩토리융합학과", "KCI": "성균관대학교"}, "정진만": {"NTIS": "한남대학교", "KCI": "한남대학교"}, "정찬모": {"KCI": "인하대학교"}, "정철우": {"NTIS": "서울대학교 산학협력단"}, "정태종": {"KCI": "전북대학교"}, "정필운": {"KCI": "한국교원대학교"}, "정현석": {"KCI": "베스핀글로벌"}, "정형조": {"NTIS": "한국과학기술원"}, "조경운": {"NTIS": "이화여자대학교"}, "조국한": {"NTIS": "금오공과대학교"}, "조기춘": {"NTIS": "건국대학교"}, "조기환": {"NTIS": "전북대학교 산학협력단"}, "조남훈": {"NTIS": "숭실대학교"}, "조두산": {"KCI": "순천대학교"}, "조민호": {"NTIS": "고려대학교세종캠퍼스"}, "조성래": {"NTIS": "중앙대학교"}, "조성현": {"NTIS": "한양대학교(ERICA캠퍼스)"}, "조성훈": {"KCI": "김앤장법률사무소"}, "조세홍": {"NTIS": "한성대학교산학협력단"}, "조용규": {"NTIS": "강남대학교"}, "조재혁": {"NTIS": "숭실대학교 산학협력단"}, "조진수": {"KCI": "㈜지로스"}, "조형주": {"NTIS": "경북대학교"}, "조휘형": {"SCIENCEON": "김포대학교 유통경영과"}, "조희승": {"NTIS": "충북대학교"}, "주강원": {"KCI": "홍익대학교"}, "지승열": {"NTIS": "한양대학교"}, "진교홍": {"NTIS": "창원대학교 산학협력단"}, "진성근": {"SCIENCEON": "대구대학교 컴퓨터소프트웨어학과", "KCI": "대구대학교"}, "진현두": {"KCI": "홍익대학교"}, "진현욱": {"NTIS": "건국대학교"}, "채석": {"NTIS": "금오공과대학교"}, "최경문": {"NTIS": "경상대학교 산학협력단"}, "최광수": {"KCI": "총신대학교"}, "최동완": {"NTIS": "인하대학교"}, "최문택": {"NTIS": "성균관대학교"}, "최미정": {"NTIS": "강원대학교"}, "최봉준": {"NTIS": "숭실대학교"}, "최상용": {"KCI": "영남이공대학교"}, "최성희": {"NTIS": "한국과학기술원"}, "최수경": {"NTIS": "고려대학교"}, "최영리": {"NTIS": "울산과학기술대학교"}, "최용전": {"KCI": "대진대학교"}, "최윤기": {"KCI": "숭실대학교"}, "최은복": {"KCI": "전주대학교"}, "최재영0": {"NTIS": "숭실대학교산학협력단"}, "최재영1": {"KCI": "한양대학교"}, "최정민": {"SCIENCEON": "서강대학교 공공정책대학원", "KCI": "서강대학교"}, "최정열": {"KCI": "성결대학교"}, "최정인": {"NTIS": "부산대학교"}, "최종무": {"SCIENCEON": "단국대학교 소프트웨어학과", "KCI": "단국대학교"}, "최종선": {"NTIS": "숭실대학교"}, "최창": {"NTIS": "가천대학교"}, "최창범": {"NTIS": "한동대학교"}, "최현종": {"KCI": "서원대학교"}, "최형기": {"SCIENCEON": "성균관대학교", "KCI": "성균관대학교"}, "최형림": {"NTIS": "동아대학교"}, "최형신": {"KCI": "춘천교육대학교"}, "최환혁": {"NTIS": "울산과학기술원"}, "최훈": {"NTIS": "충남대학교", "KCI": "충남대학교"}, "추현승": {"NTIS": "성균관대학교(자연과학캠퍼스)", "KCI": "성균관대학교"}, "타메르": {"NTIS": "성균관대학교(자연과학캠퍼스)"}, "탁병철": {"NTIS": "경북대학교"}, "펑리메이": {"NTIS": "경북대학교"}, "한경돈": {"KCI": "한국복지대학교 유니버설디자인과 교수"}, "한경석": {"KCI": "숭실대학교"}, "한미경": {"SCIENCEON": "한국전자통신연구원"}, "한성수": {"SCIENCEON": "강원대학교"}, "한수희": {"KCI": "경일대학교"}, "한연희": {"NTIS": "한국기술교육대학교"}, "한영남": {"NTIS": "한국과학기술원"}, "한욱신": {"NTIS": "포항공과대학교"}, "한정현": {"NTIS": "고려대학교산학협력단"}, "한창희": {"NTIS": "고려대학교"}, "한탁돈": {"NTIS": "연세대학교"}, "한혁": {"KCI": "동덕여자대학교"}, "허강열": {"NTIS": "포항공과대학교산학협력단"}, "허덕행": {"NTIS": "창원문성대학 산학협력단"}, "허선": {"NTIS": "한양대학교(ERICA캠퍼스)"}, "허의남": {"NTIS": "경희대학교 산학협력단", "KCI": "경희대학교"}, "허재혁": {"NTIS": "한국과학기술원"}, "허준0": {"NTIS": "연세대학교"}, "허준1": {"NTIS": "고려대학교", "SCIENCEON": "고려대학교/전기전자공학부", "KCI": "고려대학교"}, "허준범": {"NTIS": "고려대학교산학협력단", "SCIENCEON": "고려대학교", "KCI": "고려대학교"}, "허준석": {"NTIS": "성균관대학교(자연과학캠퍼스)"}, "허진": {"SCIENCEON": "한세대학교 ICT환경공학과 대학원", "KCI": "한세대학교"}, "현창택": {"NTIS": "서울시립대학교 산학협력단"}, "홍대식": {"NTIS": "연세대학교 산학협력단"}, "홍성연": {"SCIENCEON": "경희대학교 이과대학 지리학과", "KCI": "경희대학교"}, "홍일영": {"KCI": "남서울대학교"}, "홍정규": {"NTIS": "영남대학교"}, "홍지만": {"NTIS": "숭실대학교", "SCIENCEON": "숭실대학교 컴퓨터학과", "KCI": "숭실대학교"}, "홍철호": {"NTIS": "중앙대학교"}, "홍충선": {"NTIS": "경희대학교 산학협력단", "KCI": "경희대학교"}, "홍태훈": {"NTIS": "연세대학교"}, "황기환": {"KCI": "경북전문대학교"}, "황성운": {"NTIS": "가천대학교 산학협력단"}, "황윤성": {"KCI": "충남대학교"}, "황인철": {"NTIS": "강원대학교"}, "황재준": {"NTIS": "부산대학교 산학협력단"}, "황종호": {"SCIENCEON": "동명대학교 경영정보학과", "KCI": "동명대학교"}, "황지수": {"NTIS": "한림대학교"}, "황태원": {"NTIS": "연세대학교"}, "황호영": {"NTIS": "한성대학교산학협력단"}, "황희연": {"NTIS": "한국기초과학지원연구원"}}