﻿{"강명숙": {"NTIS": "배재대학교"}, "강재우": {"NTIS": "고려대학교"}, "고대식": {"NTIS": "목원대학교 산학협력단"}, "고영만": {"NTIS": "성균관대학교"}, "고영준": {"NTIS": "서울과학기술대학교 산학협력단"}, "권경득": {"NTIS": "선문대학교"}, "권동섭": {"SCIENCEON": "명지대학교 컴퓨터공학과", "KCI": "명지대학교"}, "김강욱": {"KCI": "삼성전자"}, "김건형": {"NTIS": "부산대학교"}, "김경옥": {"NTIS": "서울과학기술대학교 산학협력단"}, "김동건": {"KCI": "경희대학교"}, "김동성": {"NTIS": "이화여자대학교"}, "김명호": {"SCIENCEON": "KIST 전산학과", "KCI": "한국과학기술원"}, "김문기": {"NTIS": "경북대학교"}, "김민정": {"SCIENCEON": "성균관대학교 일반대학원 문헌정보학과", "KCI": "성균관대학교"}, "김범수": {"KCI": "한국건설기술연구원"}, "김병규": {"SCIENCEON": "한국과학기술정보연구원 정보서비스센터 국내정보팀", "KCI": "한국과학기술정보연구원"}, "김선호": {"NTIS": "서강대학교"}, "김용혁": {"NTIS": "광운대학교 산학협력단"}, "김원구": {"NTIS": "군산대학교"}, "김유성": {"SCIENCEON": "인하대학교 정보통신공학부", "KCI": "인하대학교"}, "김응모": {"NTIS": "성균관대학교(자연과학캠퍼스)", "KCI": "성균관대학교"}, "김인철": {"SCIENCEON": "경기대학교 컴퓨터과학과", "KCI": "경기대학교"}, "김정빈": {"NTIS": "한국기술교육대학교"}, "김정우": {"NTIS": "한국신학정보연구원"}, "김종완": {"NTIS": "삼육대학교"}, "김종익": {"NTIS": "전북대학교"}, "김진영": {"NTIS": "경희대학교"}, "김태희": {"KCI": "순천향대학교"}, "김학수": {"SCIENCEON": "강원대학교 컴퓨터정보통신공학과"}, "김한준": {"NTIS": "서울시립대학교"}, "김회린": {"NTIS": "한국과학기술원"}, "남광우": {"KCI": "군산대학교"}, "남승호": {"NTIS": "서울대학교"}, "노웅기": {"NTIS": "가천대학교"}, "노정순": {"KCI": "한남대학교"}, "류근호": {"SCIENCEON": "충북대학교 데이터베이스/바이오인포매틱스 연구실"}, "류범종": {"SCIENCEON": "한국과학기술정보연구원"}, "문동오": {"KCI": "대구대학교"}, "문양세": {"NTIS": "국립강원대학교 산학협력단"}, "민준기": {"NTIS": "한국기술교육대학교"}, "박광진": {"NTIS": "원광대학교"}, "박기남0": {"NTIS": "순천향대학교"}, "박기남1": {"NTIS": "고려대학교"}, "박명수": {"NTIS": "서울신학대학교"}, "박미진": {"KCI": "구로구 발달장애인평생교육센터"}, "박상태": {"KCI": "성균관대학교"}, "박상현": {"SCIENCEON": "연세대학교 컴퓨터과학과"}, "박석": {"NTIS": "서강대학교"}, "박수상": {"NTIS": "서울대학교산학협력단"}, "박영주": {"SCIENCEON": "세한대학교 작업치료학과", "KCI": "세한대학교"}, "박우전": {"KCI": "한남대학교"}, "박윤배": {"NTIS": "경북대학교"}, "박일우": {"NTIS": "계명대학교"}, "박창섭": {"SCIENCEON": "동덕여자대학교 컴퓨터학과", "KCI": "동덕여자대학교"}, "박호현": {"NTIS": "중앙대학교"}, "박희민": {"NTIS": "상명대학교(천안캠퍼스)"}, "배영철": {"SCIENCEON": "전남대학교 전기및반도체공학과", "KCI": "전남대학교"}, "배창석": {"NTIS": "대전대학교"}, "백우진": {"KCI": "건국대학교"}, "변시우": {"NTIS": "안양대학교 산학협력단", "KCI": "안양대학교"}, "설문원": {"NTIS": "부산대학교"}, "소민호": {"NTIS": "한국과학기술원"}, "송석일": {"KCI": "한국교통대학교"}, "송효숙": {"KCI": "대전보건대학교"}, "스기모토 시게오": {"KCI": "University of Tsukuba"}, "신동렬": {"SCIENCEON": "성균관대학교 정보통신학부"}, "신성윤": {"SCIENCEON": "Kunsan National University"}, "신용학": {"SCIENCEON": "LS 산전 스마트솔루션 연구팀"}, "심경호": {"NTIS": "고려대학교"}, "심창범": {"NTIS": "고려대학교"}, "양기정": {"KCI": "한국고전번역원"}, "양만길": {"SCIENCEON": "서울대학교의생명연구원 연구실험부", "KCI": "서울대학교의생명연구원"}, "연영란": {"KCI": "가톨릭대학교"}, "오동근": {"SCIENCEON": "계명대학교 사회과학대학 문헌정보학과", "KCI": "계명대학교"}, "오병모": {"NTIS": "서울대학교병원"}, "오정미": {"NTIS": "서울대학교"}, "우종우": {"NTIS": "국민대학교산학협력단"}, "우해봉": {"KCI": "한국보건사회연구원"}, "유영선": {"NTIS": "경희대학교"}, "유재수": {"NTIS": "충북대학교", "SCIENCEON": "충북대학교 정보통신공학과", "KCI": "충북대학교"}, "유창동": {"NTIS": "한국과학기술원"}, "윤일동": {"NTIS": "한국외국어대학교(용인캠퍼스)"}, "윤희용": {"NTIS": "성균관대학교 산학협력단"}, "은창수": {"NTIS": "한양대학교"}, "이경영": {"KCI": "경기대학교"}, "이경철": {"NTIS": "동국대학교"}, "이기용": {"NTIS": "숙명여자대학교"}, "이대욱": {"KCI": "연세대학교"}, "이동호": {"NTIS": "한양대학교 에리카산학협력단"}, "이병엽": {"NTIS": "배재대학교"}, "이상근": {"NTIS": "고려대학교"}, "이상준": {"NTIS": "숭실대학교"}, "이성호": {"KCI": "수원시정연구원"}, "이세훈": {"SCIENCEON": "인하공업전문대학교 컴퓨터시스템과"}, "이승은": {"KCI": "순천향대학교"}, "이승준": {"SCIENCEON": "성균관대학교 정보관리연구소", "KCI": "성균관대학교"}, "이용주": {"NTIS": "경북대학교 산학협력단", "KCI": "경북대학교"}, "이우진": {"SCIENCEON": "국민대학교 글로벌창업벤처대학원"}, "이윤준": {"NTIS": "한국과학기술원"}, "이재길": {"NTIS": "한국과학기술원"}, "이재윤": {"KCI": "경기대학교"}, "이재홍": {"NTIS": "원광대학교"}, "이종설": {"SCIENCEON": "한국전자부품연구원", "KCI": "전자부품연구원"}, "이종율": {"KCI": "진주보건대학교"}, "이종학": {"KCI": "대구가톨릭대학교"}, "이준서": {"NTIS": "성결대학교"}, "이지현": {"NTIS": "한국과학기술원"}, "임동혁": {"SCIENCEON": "호서대학교 컴퓨터정보공학부"}, "임태범": {"SCIENCEON": "전자부품연구원"}, "임희석": {"NTIS": "고려대학교산학협력단"}, "장석우": {"SCIENCEON": "안양대학교 디지털미디어학과", "KCI": "안양대학교"}, "장완호": {"KCI": "연세대학교"}, "장재우": {"NTIS": "전북대학교", "KCI": "전북대학교"}, "장정수": {"KCI": "고려대학교"}, "전성현": {"KCI": "동아대학교"}, "정기홍": {"NTIS": "경희대학교 산학협력단"}, "정면숙": {"KCI": "경상대학교"}, "정성원": {"SCIENCEON": "서강대학교 컴퓨터학과", "KCI": "서강대학교"}, "정수현": {"KCI": "고려대"}, "정순영": {"NTIS": "고려대학교"}, "정순일": {"KCI": "명지대학교"}, "정연돈": {"NTIS": "고려대학교산학협력단"}, "정우식": {"NTIS": "경상대학교"}, "정유경": {"SCIENCEON": "연세대학교 문헌정보학과"}, "정은경": {"SCIENCEON": "이화여자대학교 사회과학대학 문헌정보전공", "KCI": "이화여자대학교"}, "정은정": {"KCI": "건국대학교"}, "정지나": {"SCIENCEON": "전주대학교 보건관리학과", "KCI": "전주대학교"}, "정하림": {"NTIS": "성균관대학교(자연과학캠퍼스)"}, "조강희": {"NTIS": "부산대학교"}, "조성민": {"KCI": "호남대학교"}, "주용진": {"KCI": "서울시립대학교"}, "주진열": {"KCI": "부산대학교"}, "진성일": {"SCIENCEON": "충남대학교 컴퓨터공학과"}, "차광호": {"NTIS": "서울과학기술대학교 산학협력단", "KCI": "서울과학기술대학교"}, "차병헌": {"KCI": "을지대학교"}, "차상인": {"KCI": "위버피플"}, "차순철": {"KCI": "재단법인 동국문화재연구원"}, "최기복": {"SCIENCEON": "조선대학교병원 재활치료팀", "KCI": "조선대학교병원"}, "최동완": {"NTIS": "인하대학교 산학협력단"}, "최상기": {"SCIENCEON": "전북대학교 문헌정보학과", "KCI": "전북대학교"}, "최원익": {"NTIS": "인하대학교 산학협력단", "SCIENCEON": "인하대학교 정보통신공학", "KCI": "인하대학교"}, "최준영": {"KCI": "청암대학교"}, "최해리": {"KCI": "한국춤문화자료원"}, "탁성숙": {"NTIS": "가천대학교"}, "하민정": {"KCI": "이화여자대학교 법학연구소"}, "한욱신": {"NTIS": "포항공과대학교"}, "허선": {"KCI": "한림대학교"}, "홍봉희": {"NTIS": "부산대학교"}, "홍영의": {"KCI": "국민대학교"}, "황규영": {"KCI": "한국과학기술원"}, "황승원": {"NTIS": "포항공과대학교"}, "황재성": {"NTIS": "경희대학교(용인) 산학협력단"}, "황재정": {"SCIENCEON": "군산대학교 전파공학과", "KCI": "군산대학교"}, "황지은": {"NTIS": "서울대학교"}, "황혜경": {"SCIENCEON": "한국과학기술정보연구원", "KCI": "한국과학기술정보연구원"}}