﻿{"강경태": {"KCI": "한양대학교"}, "강대성": {"NTIS": "동아대학교"}, "강도영": {"NTIS": "동아대학교"}, "강동중": {"NTIS": "부산대학교"}, "강동현": {"NTIS": "창원대학교"}, "강동훈0": {"SCIENCEON": "한국철도기술연구원 신교통혁신연구소"}, "강동훈1": {"KCI": "연세대학교"}, "강문수": {"NTIS": "조선대학교"}, "강민식": {"NTIS": "남서울대학교 산학협력단"}, "강병석": {"NTIS": "성균관대학교(자연과학캠퍼스)"}, "강성호": {"NTIS": "연세대학교"}, "강송희": {"KCI": "한양대학교"}, "강수용": {"NTIS": "한양대학교"}, "강순주": {"NTIS": "경북대학교"}, "강승균": {"NTIS": "서울대학교"}, "강승우": {"NTIS": "한국기술교육대학교", "KCI": "한국기술교육대학교"}, "강승찬": {"KCI": "한국기술교육대학교"}, "강승택": {"NTIS": "인천대학교산학협력단"}, "강아름": {"NTIS": "순천향대학교"}, "강용신": {"NTIS": "성균관대학교(자연과학캠퍼스)"}, "강유": {"NTIS": "서울대학교"}, "강윤희": {"NTIS": "백석대학교산학협력단", "KCI": "백석대학교"}, "강인필": {"NTIS": "부경대학교"}, "강재욱": {"NTIS": "전북대학교"}, "강정진": {"NTIS": "동서울대학교산학협력단"}, "강지헌": {"NTIS": "덕성여자대학교", "SCIENCEON": "Department of Software, Duksung Women's University", "KCI": "덕성여자대학교"}, "강진규": {"NTIS": "명지대학교"}, "강태원": {"NTIS": "동국대학교"}, "강현국": {"NTIS": "고려대학교 세종산학협력단"}, "강현수": {"NTIS": "충북대학교산학협력단"}, "강현욱": {"KCI": "부경대학교"}, "강현일": {"NTIS": "한밭대학교"}, "강형철": {"KCI": "동국대학교"}, "강훈": {"NTIS": "중앙대학교"}, "강희라": {"KCI": "인하대학교"}, "경연웅": {"NTIS": "한신대학교"}, "고대식": {"NTIS": "목원대학교 산학협력단"}, "고두현": {"NTIS": "경희대학교산학협력단"}, "고명환": {"NTIS": "전북대학교병원"}, "고석주": {"NTIS": "경북대학교산학협력단"}, "고성림": {"NTIS": "건국대학교"}, "고승훈": {"NTIS": "광운대학교"}, "고영대": {"NTIS": "세종대학교"}, "고영배": {"NTIS": "아주대학교"}, "고영주": {"NTIS": "포항공과대학교"}, "고인석": {"KCI": "부천대학교"}, "고인영": {"NTIS": "한국과학기술원"}, "고일두": {"NTIS": "서울과학기술대학교 산학협력단"}, "고재섭": {"NTIS": "순천대학교"}, "고정길": {"NTIS": "아주대학교"}, "고정환": {"NTIS": "인하공업전문대학산학협력단"}, "고종환": {"NTIS": "성균관대학교 산학협력단"}, "고중혁": {"NTIS": "중앙대학교산학협력단"}, "고현선": {"NTIS": "송원대학교"}, "고홍범": {"KCI": "전남대학교"}, "고훈": {"NTIS": "조선대학교"}, "곽경섭": {"NTIS": "인하대학교"}, "곽금철": {"NTIS": "성균관대학교(자연과학캠퍼스)"}, "곽기영": {"NTIS": "국민대학교"}, "곽동걸": {"SCIENCEON": "강원대학교 방재전문대학원", "KCI": "강원대학교"}, "곽영호": {"NTIS": "경기대학교"}, "곽정환": {"NTIS": "서울대학교병원"}, "곽정훈": {"NTIS": "서울시립대학교"}, "곽종욱": {"NTIS": "영남대학교"}, "곽진0": {"NTIS": "순천향대학교"}, "곽진1": {"SCIENCEON": "아주대학교 사이버보안학과"}, "구승범": {"NTIS": "아주대학교"}, "권건우": {"NTIS": "홍익대학교"}, "권겸일": {"NTIS": "서울 순천향대학교 산학협력단(신경과학교실)"}, "권규현": {"NTIS": "한양대학교산학협력단"}, "권도균": {"NTIS": "한국항공대학교"}, "권동승": {"SCIENCEON": "무선응용연구부"}, "권명규": {"KCI": "SK 브로드밴드(주)"}, "권성오": {"NTIS": "울산대학교"}, "권순각": {"NTIS": "동의대학교"}, "권순욱": {"NTIS": "성균관대학교(자연과학캠퍼스)"}, "권순일": {"NTIS": "세종대학교 산학협력단"}, "권순재": {"NTIS": "한국과학기술원"}, "권순홍": {"NTIS": "중앙대학교"}, "권영구": {"NTIS": "건국대학교"}, "권용우": {"NTIS": "홍익대학교"}, "권익진": {"NTIS": "아주대학교"}, "권인소": {"NTIS": "한국과학기술원"}, "권장우": {"SCIENCEON": "인하대학교 컴퓨터공학과"}, "권정혁": {"NTIS": "한림대학교"}, "권준호": {"KCI": "부산대학교"}, "권창희": {"KCI": "한세대학교"}, "권태경": {"NTIS": "연세대학교"}, "금득규": {"SCIENCEON": "유엔진솔루션즈"}, "금영정": {"SCIENCEON": "서울과학기술대학교 글로벌융합산업공학과", "KCI": "서울과학기술대학교"}, "김강석": {"NTIS": "아주대학교"}, "김경복": {"KCI": "경복대학교"}, "김경염": {"NTIS": "세종대학교"}, "김경준": {"NTIS": "포항공과대학교"}, "김경태0": {"NTIS": "성균관대학교(자연과학캠퍼스)"}, "김경태1": {"NTIS": "포항공과대학교 산학협력단"}, "김광수0": {"NTIS": "성균관대학교 산학협력단"}, "김광수1": {"NTIS": "한밭대학교산학협력단"}, "김광조": {"NTIS": "한국과학기술원"}, "김광호": {"NTIS": "(재) 하이브리드 인터페이스 기반미래소재연구단"}, "김광훈": {"NTIS": "경기대학교"}, "김규범": {"NTIS": "대전대학교산학협력단"}, "김기두": {"NTIS": "국민대학교"}, "김기석": {"NTIS": "성균관대학교(자연과학캠퍼스)"}, "김기천": {"NTIS": "건국대학교산학협력단"}, "김기형": {"NTIS": "아주대학교"}, "김남호": {"SCIENCEON": "Dept. of Control and Instrumentation Eng., Pukyong National University", "KCI": "부경대학교"}, "김대영0": {"NTIS": "순천향대학교"}, "김대영1": {"NTIS": "한국과학기술원", "KCI": "한국과학기술원 전산학부"}, "김대원": {"SCIENCEON": "단국대학교 응용컴퓨터공학과", "KCI": "단국대학교"}, "김대진": {"NTIS": "포항공과대학교 산학협력단"}, "김대환": {"NTIS": "국민대학교"}, "김대희": {"NTIS": "순천향대학교"}, "김덕준": {"NTIS": "성균관대학교(자연과학캠퍼스)"}, "김도년": {"KCI": "성균관대학교"}, "김도현": {"NTIS": "제주대학교"}, "김도형": {"KCI": "경북대학교"}, "김동균": {"NTIS": "경북대학교"}, "김동민": {"NTIS": "순천향대학교"}, "김동성": {"NTIS": "금오공과대학교 산학협력단"}, "김동승": {"NTIS": "고려대학교 산학협력단"}, "김동완": {"NTIS": "동아대학교"}, "김동우": {"NTIS": "한양대학교(ERICA캠퍼스)"}, "김동욱0": {"NTIS": "충남대학교"}, "김동욱1": {"KCI": "서울대학교"}, "김동표": {"NTIS": "포항공과대학교"}, "김동환0": {"NTIS": "성균관대학교(자연과학캠퍼스)"}, "김동환1": {"SCIENCEON": "서울과기대 기계시스템디자인공학과"}, "김명균": {"NTIS": "울산대학교", "KCI": "울산대학교"}, "김명길": {"NTIS": "성균관대학교(자연과학캠퍼스)"}, "김명섭": {"NTIS": "고려대학교세종캠퍼스"}, "김명진": {"KCI": "한국외국어대학교"}, "김명철": {"NTIS": "한국과학기술원"}, "김무진": {"SCIENCEON": "강남대학교 IoT 전자공학과"}, "김문덕": {"NTIS": "충남대학교"}, "김문일": {"KCI": "가천대학교"}, "김미경": {"NTIS": "한양대학교"}, "김미향": {"NTIS": "국민대학교"}, "김민": {"NTIS": "전북대학교"}, "김민곤": {"NTIS": "광주과학기술원"}, "김민구": {"NTIS": "조선대학교"}, "김민석": {"NTIS": "서울대학교"}, "김민영": {"NTIS": "포항공과대학교"}, "김민정": {"KCI": "한국식품연구원"}, "김민회": {"NTIS": "한밭대학교산학협력단"}, "김범석": {"NTIS": "경희대학교(국제캠퍼스)"}, "김범준": {"NTIS": "계명대학교 산학협력단"}, "김병성": {"NTIS": "서울대학교산학협력단"}, "김병준": {"NTIS": "안동대학교산학협력단"}, "김병철": {"NTIS": "한국교통대학교산학협력단"}, "김병화": {"NTIS": "경남대학교"}, "김봉현": {"SCIENCEON": "유원대학교 스마트IT학과", "KCI": "유원(U1)대학교"}, "김상경": {"KCI": "강릉원주대학교"}, "김상균": {"NTIS": "명지대학교산학협력단"}, "김상길": {"NTIS": "부산대학교"}, "김상하": {"NTIS": "충남대학교"}, "김상효": {"NTIS": "성균관대학교(자연과학캠퍼스)"}, "김석훈": {"NTIS": "순천향대학교"}, "김선근": {"KCI": "대전대학교"}, "김선주": {"NTIS": "청주대학교산학협력단"}, "김선태": {"KCI": "한국전자통신연구원"}, "김성권": {"NTIS":	"서울과학기술대학교산학협력단", "KCI": "서울과학기술대학교", "SCIENCEON": "서울과학기술대학교 NID융합기술대학원"}, "김성만": {"NTIS": "경성대학교"}, "김성민": {"NTIS": "한국과학기술원"}, "김성석": {"KCI": "서경대학교"}, "김성영": {"NTIS": "금오공과대학교산학협력단"}, "김성용": {"NTIS": "부경대학교"}, "김성현": {"NTIS": "울산대학교"}, "김성호": {"KCI": "성신여자대학교"}, "김성훈": {"NTIS": "동의대학교"}, "김세영": {"NTIS": "포항공과대학교"}, "김세환": {"NTIS": "단국대학교(천안캠퍼스)"}, "김소라": {"KCI": "서울여자대학교 패션산업학과"}, "김송길": {"NTIS": "부산대학교"}, "김수동": {"NTIS": "숭실대학교 산학협력단"}, "김수민": {"NTIS": "한국산업기술대학교"}, "김수진": {"NTIS": "고려대학교"}, "김수환": {"NTIS": "서울대학교산학협력단"}, "김순곤": {"KCI": "중부대학교"}, "김순태": {"NTIS": "한국과학기술원"}, "김승구": {"NTIS": "충북대학교", "SCIENCEON": "Department of Electronic Engineering, Chungbuk National University", "KCI": "충북대학교"}, "김승래": {"KCI": "목원대학교"}, "김승범": {"KCI": "충남대학교 생명시스템과학대학 미생물·분자생명과학과"}, "김승주": {"NTIS": "고려대학교 산학협력단"}, "김시호": {"NTIS": "연세대학교 산학협력단"}, "김신덕": {"NTIS": "연세대학교"}, "김애영": {"NTIS": "한양대학교(ERICA캠퍼스) 공학기술연구소"}, "김언용": {"NTIS": "한양대학교"}, "김영갑": {"NTIS": "세종대학교 산학협력단"}, "김영국": {"NTIS": "강원대학교"}, "김영균": {"NTIS": "국민대학교 산학협력단"}, "김영근": {"NTIS": "고려대학교"}, "김영덕": {"NTIS": "대구경북과학기술원"}, "김영민": {"SCIENCEON": "Dept. of Computer Science & Eng., Computer System Institute, Hankyong National University", "KCI": "한경대학교"}, "김영식": {"NTIS": "조선대학교"}, "김영주": {"NTIS": "광운대학교 산학협력단"}, "김영춘": {"NTIS": "울산과학기술원"}, "김영학": {"NTIS": "포항공과대학교"}, "김영형": {"NTIS": "금오공과대학교산학협력단"}, "김용국": {"NTIS": "세종대학교 산학협력단"}, "김용균": {"KCI": "안동대학교"}, "김용선": {"NTIS": "인하대학교"}, "김우찬": {"KCI": "국방과학연구소 함정전투체계단"}, "김우철": {"NTIS": "연세대학교"}, "김유라": {"NTIS": "울산대학교"}, "김유빈": {"SCIENCEON": "덕성여자대학교 디지털미디어학과", "KCI": "덕성여자대학교"}, "김윤지": {"KCI": "부산대학교"}, "김윤희": {"NTIS": "경희대학교(국제캠퍼스)"}, "김의직": {"NTIS": "한림대학교"}, "김이현": {"NTIS": "울산대학교"}, "김인기": {"NTIS": "성균관대학교"}, "김인철": {"NTIS": "포항공과대학교"}, "김일곤": {"NTIS": "경북대학교"}, "김일두": {"NTIS": "한국과학기술원"}, "김장수": {"KCI": "한국디자인지식산업포럼"}, "김장환": {"NTIS": "주식회사포스텍"}, "김재곤": {"SCIENCEON": "항공대학교", "KCI": "한국항공대학교"}, "김재명": {"KCI": "서경대학교"}, "김재열": {"NTIS": "협성대학교"}, "김재우": {"NTIS": "금오공과대학교"}, "김재원": {"NTIS": "경상국립대학교"}, "김재진": {"NTIS": "부경대학교산학협력단"}, "김재훈0": {"NTIS": "아주대학교"}, "김재훈1": {"NTIS": "서일대학교"}, "김재희": {"NTIS": "덕성여자대학교"}, "김정근": {"NTIS": "광운대학교산학협력단"}, "김정녀": {"KCI": "한국전자통신연구원"}, "김정민": {"NTIS": "한국과학기술원"}, "김정창": {"SCIENCEON": "한국해양대학교"}, "김정태": {"NTIS": "목원대학교", "KCI": "목원대학교"}, "김종": {"NTIS": "포항공대학교 산학협력단"}, "김종규": {"KCI": "한국전자통신연구원"}, "김종근": {"NTIS": "영남대학교"}, "김종덕": {"NTIS": "부산대학교"}, "김종모": {"NTIS": "성균관대학교(자연과학캠퍼스)"}, "김종배": {"KCI": "숭실대학교"}, "김종성0": {"NTIS": "가천대학교"}, "김종성1": {"NTIS": "국민대학교산학협력단"}, "김종수": {"NTIS": "영남대학교"}, "김종우": {"KCI": "강남대학교"}, "김종원": {"NTIS": "광주과학기술원", "SCIENCEON": "광주과학기술원 전기전자컴퓨터공학부", "KCI": "광주과학기술원"}, "김종재": {"NTIS": "대구가톨릭대학교산학협력단"}, "김종태": {"NTIS": "성균관대학교(자연과학캠퍼스)"}, "김종현": {"NTIS": "아주대학교"}, "김종희": {"NTIS": "성균관대학교"}, "김주만": {"SCIENCEON": "부산대학교 IT응용공학과"}, "김주성": {"NTIS": "한밭대학교"}, "김주영": {"NTIS": "한국과학기술원"}, "김주완": {"SCIENCEON": "전라북도수산기술연구소 민물고기연구센터"}, "김주현": {"NTIS": "부경대학교"}, "김준수0": {"NTIS": "한국산업기술대학교"}, "김준수1": {"NTIS": "서울대학교"}, "김준우": {"NTIS": "동아대학교"}, "김준희": {"NTIS": "단국대학교"}, "김중헌": {"NTIS": "고려대학교"}, "김지민": {"NTIS": "연세대학교"}, "김지선": {"NTIS": "이화여자대학교"}, "김지언": {"NTIS": "경북대학교"}, "김지헌": {"NTIS": "가천대학교"}, "김지혜": {"NTIS": "국민대학교"}, "김지훈": {"NTIS": "서울과학기술대학교"}, "김진국": {"NTIS": "울산과학기술원"}, "김진규": {"KCI": "창원대학교"}, "김진수": {"NTIS": "한양대학교 산학협력단"}, "김진영0": {"NTIS": "전남대학교산학협력단"}, "김진영1": {"NTIS": "울산과학기술원"}, "김진영2": {"SCIENCEON": "Dept. of Wireless Communications Engineering, KwangWoon University", "KCI": "KwangWoon University"}, "김진태": {"NTIS": "한국교통대학교 산학협력단"}, "김진호0": {"NTIS": "강원대학교"}, "김진호1": {"NTIS": "공주대학교"}, "김찬희": {"NTIS": "부경대학교"}, "김창민": {"NTIS": "한국과학기술원"}, "김창우": {"NTIS": "경희대학교(국제캠퍼스)"}, "김창원": {"KCI": "엠아이큐브솔루션"}, "김천중": {"NTIS": "충남대학교"}, "김철수0": {"NTIS": "인제대학교 산학협력단"}, "김철수1": {"NTIS": "한국교통대학교산학협력단"}, "김철영": {"SCIENCEON": "충남대학교 전자공학과", "KCI": "충남대학교"}, "김철원": {"SCIENCEON": "호남대학교"}, "김태근": {"NTIS": "고려대학교"}, "김태달": {"KCI": "청운대학교"}, "김태성": {"SCIENCEON": "충북대학교", "KCI": "충북대학교"}, "김태완": {"NTIS": "전북대학교"}, "김태일": {"NTIS": "성균관대학교(자연과학캠퍼스)"}, "김태형": {"NTIS": "금오공과대학교"}, "김태홍": {"NTIS": "충북대학교"}, "김태환0": {"NTIS": "한국항공대학교"}, "김태환1": {"NTIS": "한양대학교"}, "김태환2": {"NTIS": "서울대학교"}, "김학구": {"NTIS": "한국과학기술원"}, "김학수": {"NTIS": "강원대학교"}, "김한": {"NTIS": "동양미래대학교"}, "김한성": {"NTIS": "연세대학교"}, "김한수": {"NTIS": "서원대학교"}, "김한종": {"NTIS": "한국과학기술원"}, "김해진": {"NTIS": "경상대학교"}, "김헌": {"NTIS": "명지대학교 산학협력단"}, "김헌식": {"NTIS": "대전과학기술대학교산학협력단"}, "김현문": {"NTIS": "경북대학교 산학협력단"}, "김현석": {"NTIS": "동국대학교"}, "김현성": {"NTIS": "경일대학교"}, "김현우": {"NTIS": "한양대학교"}, "김현재": {"NTIS": "연세대학교"}, "김현주": {"KCI": "한국체육대학교"}, "김현준": {"NTIS": "경북대학교"}, "김현진": {"NTIS": "이화여자대학교 산학협력단"}, "김현철": {"NTIS": "남서울대학교"}, "김현태": {"NTIS": "홍익대학교(세종캠퍼스)"}, "김현택": {"NTIS": "고려대학교"}, "김형기": {"NTIS": "전북대학교"}, "김형석": {"NTIS": "세종대학교"}, "김형섭": {"NTIS": "경희대학교산학협력단"}, "김형식": {"NTIS": "성균관대학교(자연과학캠퍼스)"}, "김형종": {"NTIS": "서울여자대학교"}, "김형중": {"SCIENCEON": "고려대학교 정보보호대학원 빅데이터 응용 및 보안학과"}, "김형진": {"SCIENCEON": "Department of IT Applied System Engineering, Chonbuk National University", "KCI": "전북대학교"}, "김혜민": {"KCI": "고려대학교"}, "김혜영": {"NTIS": "홍익대학교(세종캠퍼스)"}, "김호원": {"NTIS": "부산대학교산학협력단"}, "김홍주": {"NTIS": "경북대학교산학협력단"}, "김화정": {"NTIS": "경북대학교"}, "김화종": {"NTIS": "강원대학교"}, "김환규": {"NTIS": "고려대학교세종캠퍼스"}, "김환석": {"NTIS": "강릉원주대학교"}, "김황남": {"NTIS": "고려대학교"}, "김황래": {"SCIENCEON": "공주대학교 컴퓨터공학부"}, "김회경": {"NTIS": "동아대학교"}, "김회준": {"NTIS": "대구경북과학기술원"}, "김효곤": {"NTIS": "고려대학교산학협력단"}, "김효수": {"NTIS": "중앙대학교"}, "김효철": {"NTIS": "계명문화대학산학협력단"}, "김후성": {"KCI": "홍익대학교"}, "김훈0": {"NTIS": "강원대학교산학협력단"}, "김훈1": {"NTIS": "인천대학교"}, "김휘강": {"NTIS": "고려대학교"}, "김희식": {"SCIENCEON": "서울시립대학교 전자전기컴퓨터공학과", "KCI": "서울시립대학교"}, "김희열": {"NTIS": "경기대학교"}, "김희평": {"NTIS": "한국과학기술원"}, "나승욱": {"NTIS": "단국대학교"}, "나연묵": {"NTIS": "단국대학교", "KCI": "단국대학교"}, "남광우": {"NTIS": "군산대학교"}, "남기영": {"KCI": "계명대학교"}, "남명수": {"KCI": "충남대학교"}, "남민우": {"NTIS": "상지대학교"}, "남상봉": {"NTIS": "서울대학교"}, "남상욱": {"NTIS": "서울대학교 산학협력단"}, "남일구": {"NTIS": "부산대학교"}, "남재현": {"KCI": "신라대학교"}, "남택정": {"NTIS": "부경대학교산학협력단"}, "남택진": {"NTIS": "한국과학기술원"}, "남호정": {"KCI": "전남대학교"}, "노광현": {"SCIENCEON": "한성대학교 IT응용시스템공학과"}, "노동건": {"NTIS": "숭실대학교", "KCI": "숭실대학교"}, "노병희": {"NTIS": "아주대학교산학협력단", "KCI": "아주대학교"}, "노승민": {"NTIS": "성결대학교"}, "노용환": {"KCI": "서울여자대학교"}, "노원종": {"NTIS": "한림대학교"}, "노정진": {"NTIS": "한양대학교 에리카 산학협력단"}, "노종선": {"NTIS": "서울대학교 산학협력단"}, "노흥태": {"SCIENCEON": "Department of Information & Communication Eng., Taegu Science University", "KCI": "대구과학대학교"}, "노희준": {"NTIS": "고려대학교"}, "닐레쉬": {"NTIS": "동국대학교"}, "도인실": {"NTIS": "이화여자대학교"}, "류광기": {"NTIS": "한밭대학교산학협력단"}, "류길수": {"SCIENCEON": "Department of Computer & Information Engineering, Korea Marine and Ocean University", "KCI": "한국해양대학교"}, "류한철": {"NTIS": "삼육대학교"}, "류희욱": {"NTIS": "숭실대학교 산학협력단"}, "모상만": {"NTIS": "조선대학교"}, "문광수": {"NTIS": "중앙대학교"}, "문미경": {"NTIS": "동서대학교 산학협력단"}, "문상국": {"NTIS": "목원대학교산학협력단"}, "문수복": {"NTIS": "한국과학기술원"}, "문양세": {"KCI": "강원대학교", "NTIS": "국립강원대학교 산학협력단"}, "문영래": {"NTIS": "조선대학교"}, "문인규": {"NTIS": "대구경북과학기술원"}, "문일영": {"NTIS": "한국기술교육대학교"}, "문진우": {"NTIS": "중앙대학교"}, "문철희": {"NTIS": "호서대학교"}, "문현원": {"NTIS": "대구대학교"}, "민경민": {"NTIS": "숭실대학교 산학협력단"}, "민경식": {"NTIS": "국민대학교"}, "민성기": {"NTIS": "고려대학교"}, "민홍0": {"NTIS": "호서대학교"}, "민홍1": {"KCI": "가천대학교"}, "박강령": {"NTIS": "동국대학교"}, "박경남": {"NTIS": "나사렛대학교"}, "박경준": {"NTIS": "대구경북과학기술원"}, "박규환": {"NTIS": "고려대학교"}, "박기현": {"NTIS": "계명대학교"}, "박기호": {"NTIS": "세종대학교"}, "박남제": {"NTIS": "제주대학교", "KCI": "제주대학교"}, "박능수": {"NTIS": "건국대학교"}, "박대진": {"NTIS": "경북대학교", "SCIENCEON": "School of Electronic and Electrical Engineering, Kyungpook National University", "KCI": "경북대학교"}, "박동규": {"KCI": "순천향대학교"}, "박래혁": {"NTIS": "중앙대학교"}, "박만우": {"NTIS": "명지대학교"}, "박문주": {"NTIS": "인천대학교"}, "박미경": {"NTIS": "경북대학교"}, "박병국": {"NTIS": "서울대학교"}, "박병운": {"NTIS": "세종대학교 산학협력단"}, "박상돈": {"NTIS": "한국과학기술원"}, "박상봉": {"SCIENCEON": "세명대학교 정보통신학부", "KCI": "세명대학교"}, "박상수": {"NTIS": "이화여자대학교"}, "박상오": {"KCI": "강원대학교 동물생명과학대학"}, "박상욱": {"NTIS": "대구대학교"}, "박상일": {"KCI": "서울과학기술대학교"}, "박상준": {"NTIS": "가천대학교"}, "박상철": {"SCIENCEON": "아주대학교 산업공학과"}, "박상희": {"NTIS": "한국과학기술원"}, "박성경": {"NTIS": "부산대학교", "SCIENCEON": "부산대학교 전자공학과", "KCI": "부산대학교"}, "박성모": {"NTIS": "한양대학교 에리카 산학협력단"}, "박성수": {"NTIS": "고려대학교 산학협력단"}, "박성영": {"NTIS": "한국교통대학교"}, "박성완": {"NTIS": "인천대학교산학협력단"}, "박성욱": {"NTIS": "한국과학기술원"}, "박성준": {"NTIS": "계명대학교"}, "박성훈": {"NTIS": "세종대학교"}, "박세웅": {"NTIS": "서울대학교 산학협력단"}, "박세현": {"NTIS": "중앙대학교"}, "박송이": {"NTIS": "울산과학기술원"}, "박수용": {"NTIS": "서강대학교산학협력단"}, "박수창": {"NTIS": "충북대학교"}, "박수현": {"NTIS": "국민대학교산학협력단"}, "박연상": {"NTIS": "충남대학교"}, "박영우": {"NTIS": "울산과학기술원"}, "박영일": {"NTIS": "국민대학교"}, "박영준0": {"NTIS": "한양대학교산학협력단"}, "박영준1": {"NTIS": "성균관대학교(자연과학캠퍼스)"}, "박요한": {"NTIS": "계명대학교"}, "박용수0": {"NTIS": "한국농수산대학 산학협력단"}, "박용수1": {"NTIS": "한양대학교 산학협력단"}, "박용완": {"NTIS": "영남대학교"}, "박우길": {"NTIS": "계명대학교"}, "박원일": {"NTIS": "한양대학교"}, "박원철": {"NTIS": "서울대학교"}, "박유랑": {"NTIS": "연세대학교 산학협력단"}, "박윤용": {"NTIS": "선문대학교"}, "박윤하": {"NTIS": "경북대학교"}, "박은찬": {"NTIS": "동국대학교"}, "박의용": {"NTIS": "중앙대학교"}, "박익모": {"NTIS": "아주대학교"}, "박인규": {"NTIS": "한국과학기술원"}, "박인철": {"NTIS": "한국과학기술원"}, "박일규": {"NTIS": "서울과학기술대학교"}, "박재영": {"NTIS": "광운대학교산학협력단"}, "박재현": {"NTIS": "부경대학교"}, "박정규": {"NTIS": "창신대학교"}, "박정일": {"KCI": "원광대학교"}, "박정철": {"NTIS": "한국교통대학교"}, "박종대0": {"NTIS": "배재대학교산학협력단"}, "박종대1": {"SCIENCEON": "네트워크연구본부"}, "박종서": {"SCIENCEON": "한국항공대학교"}, "박종선": {"NTIS": "고려대학교"}, "박종태0": {"NTIS": "인천대학교"}, "박종태1": {"NTIS": "경북대학교"}, "박종혁": {"NTIS": "서울과학기술대학교"}, "박종현": {"NTIS": "충남대학교"}, "박주상": {"NTIS": "연세대학교"}, "박주홍": {"NTIS": "포항공과대학교"}, "박준영": {"NTIS": "한국과학기술원"}, "박준호": {"NTIS": "포항공과대학교"}, "박준홍0": {"NTIS": "경상대학교"}, "박준홍1": {"NTIS": "한양대학교"}, "박지수": {"NTIS": "고려대학교"}, "박진영": {"NTIS": "연세대학교 산학협력단"}, "박진우": {"NTIS": "연세대학교"}, "박진철": {"NTIS": "중앙대학교산학협력단"}, "박진형": {"NTIS": "한국기술교육대학교"}, "박진호": {"SCIENCEON": "숭실대학교 소프트웨어학부", "KCI": "숭실대학교"}, "박진홍": {"NTIS": "성균관대학교(자연과학캠퍼스)"}, "박찬식": {"NTIS": "중앙대학교산학협력단"}, "박찬익": {"NTIS": "포항공과대학교 산학협력단"}, "박찬홍": {"NTIS": "동서대학교"}, "박창섭": {"NTIS": "단국대학교", "SCIENCEON": "단국대학교", "KCI": "단국대학교"}, "박철수": {"NTIS": "광운대학교"}, "박춘명": {"KCI": "한국교통대학교"}, "박춘상": {"NTIS": "경북대학교"}, "박치현": {"NTIS": "한양대학교"}, "박현석": {"SCIENCEON": "한양대학교 정보시스템학과", "KCI": "한양대학교"}, "박현재": {"KCI": "연세대학교"}, "박현정": {"NTIS": "성균관대학교"}, "박현주0": {"NTIS": "한밭대학교"}, "박현주1": {"KCI": "상명대학교"}, "박현희0": {"NTIS": "명지대학교 산학협력단"}, "박현희1": {"NTIS": "경북대학교"}, "박형곤": {"NTIS": "이화여자대학교산학협력단"}, "박형동": {"NTIS": "서울대학교산학협력단"}, "박형민": {"NTIS": "서강대학교"}, "박혜림": {"NTIS": "서울과학기술대학교"}, "박혜성": {"NTIS": "울산과학기술원"}, "박호균": {"KCI": "신한대학교"}, "박화미": {"NTIS": "연세대학교"}, "박희동": {"NTIS": "나사렛대학교"}, "박희등": {"NTIS": "고려대학교"}, "박희원": {"KCI": "성산효대학원대학교"}, "박희준": {"NTIS": "한양대학교"}, "반성범": {"NTIS": "조선대학교"}, "반효경": {"NTIS": "이화여자대학교 산학협력단"}, "방효찬": {"SCIENCEON": "IoT 연구본부"}, "배경율": {"SCIENCEON": "상명대학교 컴퓨터과학과", "KCI": "상명대학교"}, "배기철": {"KCI": "금오공과대학교"}, "배병수": {"NTIS": "한국과학기술원"}, "배병철": {"NTIS": "홍익대학교(세종캠퍼스)"}, "배상원": {"NTIS": "경기대학교"}, "배완기": {"NTIS": "성균관대학교(자연과학캠퍼스)"}, "배유석": {"NTIS": "한국산업기술대학교산학협력단"}, "배인한": {"KCI": "대구가톨릭대학교"}, "배종석": {"NTIS": "성균관대학교(자연과학캠퍼스)"}, "배진혁": {"NTIS": "경북대학교"}, "배학열": {"NTIS": "한국과학기술원"}, "배혜림": {"NTIS": "부산대학교"}, "백남균": {"KCI": "한국융합기술진흥원"}, "백동현": {"NTIS": "중앙대학교산학협력단"}, "백상헌": {"NTIS": "고려대학교"}, "백성욱": {"NTIS": "세종대학교"}, "백세웅": {"NTIS": "한국과학기술원"}, "백윤흥": {"NTIS": "서울대학교"}, "백장현": {"NTIS": "전북대학교"}, "백주련": {"NTIS": "평택대학교"}, "백창룡": {"NTIS": "성균관대학교"}, "범진욱": {"NTIS": "서강대학교산학협력단"}, "변재영": {"NTIS": "조선대학교"}, "변진욱": {"NTIS": "평택대학교"}, "변철우": {"NTIS": "원광대학교"}, "서상현": {"NTIS": "중앙대학교(안성캠퍼스)"}, "서석태": {"NTIS": "울산과학기술원"}, "서석현": {"NTIS": "한국산업기술대학교산학협력단"}, "서승현": {"SCIENCEON": "한양대학교 대학원 전자공학과"}, "서아리아": {"NTIS": "동국대학교(경주캠퍼스)"}, "서영균": {"NTIS": "경북대학교"}, "서의성": {"NTIS": "성균관대학교(자연과학캠퍼스)"}, "서재현": {"NTIS": "목포대학교", "SCIENCEON": "목포대학교 정보보호학과", "KCI": "목포대학교"}, "서재홍": {"NTIS": "한양대학교"}, "서정연": {"NTIS": "서강대학교산학협력단"}, "서정욱": {"SCIENCEON": "남서울대학교"}, "서지원": {"NTIS": "한양대학교"}, "서창준": {"SCIENCEON": "Dept. of Electronic & Telecommunication Engineering, Inje University", "KCI": "인제대학교"}, "서창호0": {"NTIS": "한국과학기술원"}, "서창호1": {"SCIENCEON": "공주대학교 응용수학과"}, "서한석": {"KCI": "동서대학교"}, "서형탁": {"NTIS": "아주대학교"}, "서효중": {"NTIS": "가톨릭대학교"}, "서희경": {"KCI": "영진전문대학"}, "선우경": {"NTIS": "이화여자대학교"}, "설순욱": {"NTIS": "한국기술교육대학교", "KCI": "한국기술교육대학교"}, "성명모": {"NTIS": "한양대학교"}, "성상경": {"NTIS": "건국대학교"}, "성원진": {"NTIS": "서강대학교"}, "성윤영": {"NTIS": "이화여자대학교"}, "성주현": {"NTIS": "한국해양대학교"}, "세키네 히데유키": {"KCI": "가천대학교"}, "소선섭": {"SCIENCEON": "공주대학교"}, "소재우": {"NTIS": "서강대학교"}, "소정민": {"NTIS": "서강대학교"}, "손경아0": {"NTIS": "아주대학교"}, "손경아1": {"KCI": "울산과학기술원"}, "손동희": {"NTIS": "이화여자대학교"}, "손미애": {"NTIS": "성균관대학교(자연과학캠퍼스)"}, "손병직": {"NTIS": "건양대학교"}, "손봉기": {"NTIS": "서원대학교산학협력단"}, "손승일": {"KCI": "한신대학교"}, "손영성": {"SCIENCEON": "자율형IoT연구실"}, "손윤식": {"NTIS": "동국대학교"}, "손윤철": {"NTIS": "조선대학교"}, "손인수": {"NTIS": "동국대학교"}, "손일수": {"NTIS": "가천대학교"}, "손정인": {"NTIS": "동국대학교"}, "손주영": {"NTIS": "한국해양대학교"}, "손태식": {"NTIS": "아주대학교"}, "손현우": {"NTIS": "경상대학교"}, "송경석": {"KCI": "호서대학교"}, "송민규": {"NTIS": "동국대학교"}, "송병권": {"NTIS": "서경대학교 산학협력단"}, "송병철": {"NTIS": "인하대학교 산학협력단"}, "송석일": {"NTIS": "한국교통대학교"}, "송시몬": {"NTIS": "한양대학교"}, "송영민": {"NTIS": "광주과학기술원"}, "송왕철": {"NTIS": "제주대학교 산학협력단"}, "송용호": {"NTIS": "한양대학교 산학협력단"}, "송유진": {"NTIS": "동국대학교(경주캠퍼스)"}, "송윤흡": {"NTIS": "한양대학교"}, "송의호": {"NTIS": "창원대학교산학협력단"}, "송재두": {"KCI": "중원대학교"}, "송재승": {"NTIS": "세종대학교 산학협력단"}, "송재일": {"KCI": "명지대학교"}, "송재준": {"NTIS": "서울대학교"}, "송재탁": {"KCI": "수풀리안"}, "송종우": {"SCIENCEON": "이화여자대학교 통계학과"}, "송종인": {"NTIS": "광주과학기술원"}, "송주석": {"NTIS": "연세대학교"}, "송준화": {"NTIS": "한국과학기술원"}, "송특섭": {"NTIS": "목원대학교"}, "송하윤": {"NTIS": "홍익대학교"}, "송형규": {"NTIS": "세종대학교"}, "송홍엽": {"NTIS": "연세대학교"}, "숩라마니얀 다라니다란": {"KCI": "제주대학교"}, "시타라마라주": {"NTIS": "동국대학교"}, "신강욱": {"SCIENCEON": "K-Water Institute, Korea Water Resources Corporation", "KCI": "한국수자원공사"}, "신경섭": {"NTIS": "상명대학교"}, "신경욱": {"NTIS": "금오공과대학교", "SCIENCEON": "School of Electronic Engineering, Kumoh National Institute of Technology", "KCI": "금오공과대학교"}, "신관섭": {"NTIS": "울산과학기술원"}, "신근영": {"NTIS": "한림대학교"}, "신동군": {"NTIS": "성균관대학교 산학협력단"}, "신동빈": {"NTIS": "안양대학교산학협력단"}, "신동준": {"NTIS": "성균관대학교산학협력단"}, "신상민": {"NTIS": "동아대학교"}, "신상욱": {"NTIS": "부경대학교", "SCIENCEON": "부경대학교 IT융합응용공학과"}, "신석주": {"NTIS": "조선대학교"}, "신성운": {"NTIS": "아주대학교"}, "신성호": {"NTIS": "충남대학교"}, "신수용": {"NTIS": "금오공과대학교 산학협력단"}, "신승원": {"NTIS": "한국과학기술원"}, "신연순": {"SCIENCEON": "동국대학교 컴퓨터공학과"}, "신영주": {"NTIS": "광운대학교"}, "신오순": {"NTIS": "숭실대학교"}, "신요안": {"NTIS": "숭실대학교산학협력단"}, "신원용": {"NTIS": "연세대학교"}, "신인식0": {"NTIS": "한국과학기술원"}, "신인식1": {"KCI": "동명대학교"}, "신종원": {"NTIS": "광주과학기술원"}, "신준우": {"KCI": "한국해양대학교"}, "신현동": {"NTIS": "경희대학교(국제캠퍼스)"}, "신현지": {"NTIS": "인하대학교"}, "신형순": {"NTIS": "이화여자대학교"}, "신흥주": {"NTIS": "울산과학기술원"}, "심병효": {"NTIS": "서울대학교"}, "심성한": {"NTIS": "성균관대학교산학협력단"}, "심용": {"NTIS": "중앙대학교"}, "심우영": {"NTIS": "연세대학교"}, "심우진": {"KCI": "중앙대학교"}, "심재술": {"NTIS": "영남대학교"}, "심재창": {"NTIS": "안동대학교"}, "아난드폴": {"NTIS": "경북대학교"}, "안건식": {"NTIS": "건국대학교 GLOCAL(글로컬)캠퍼스"}, "안경한": {"NTIS": "성균관대학교"}, "안병구": {"NTIS": "홍익대학교 세종캠퍼스 산학협력단", "SCIENCEON": "홍익대학교 컴퓨터정보통신공과", "KCI": "홍익대학교"}, "안병진": {"KCI": "동서대학교"}, "안상현": {"NTIS": "서울시립대학교"}, "안승언": {"NTIS": "한국산업기술대학교"}, "안유민": {"NTIS": "한양대학교(ERICA캠퍼스)"}, "안윤애": {"NTIS": "한국교통대학교산학협력단"}, "안창영": {"NTIS": "충북대학교"}, "양성봉": {"NTIS": "연세대학교"}, "양영권": {"NTIS": "중앙대학교"}, "양오봉": {"NTIS": "전북대학교산학협력단"}, "양장훈": {"NTIS": "서울미디어대학원대학교"}, "양정철": {"KCI": "제주대학교"}, "양해술": {"KCI": "호서대학교"}, "양회석": {"NTIS": "아주대학교", "KCI": "아주대학교"}, "양회창": {"NTIS": "인하대학교"}, "양희연": {"NTIS": "건국대학교"}, "엄도성": {"NTIS": "부산대학교"}, "엄수경": {"NTIS": "이화여자대학교"}, "엄영익": {"NTIS": "성균관대학교 산학협력단"}, "엄영현": {"NTIS": "강릉원주대학교"}, "엄진영": {"NTIS": "동국대학교"}, "에린머피": {"KCI": "영남대학교"}, "여인준": {"NTIS": "광주과학기술원"}, "여희주": {"KCI": "대진대학교"}, "염대현": {"NTIS": "명지대학교"}, "염두승": {"KCI": "강원대학교"}, "염흥열": {"NTIS": "순천향대학교산학협력단"}, "오선진": {"KCI": "세명대학교"}, "오세진": {"KCI": "한국해양대학교"}, "오수현": {"NTIS": "호서대학교"}, "오염덕": {"NTIS": "한국교통대학교"}, "오인선": {"NTIS": "울산과학기술원"}, "오재우": {"NTIS": "경동대학교"}, "오재호": {"NTIS": "부경대학교산학협력단"}, "오준학": {"NTIS": "포항공과대학교"}, "오진우": {"NTIS": "부산대학교"}, "오혜연": {"NTIS": "한국과학기술원"}, "오희국": {"NTIS": "한양대학교(ERICA캠퍼스)"}, "옥승호": {"NTIS": "동의대학교"}, "왕건욱": {"NTIS": "고려대학교"}, "왕치현": {"KCI": "인하대학교"}, "우성희": {"SCIENCEON": "한국교통대학교"}, "우영제": {"NTIS": "전남대학교"}, "우윤성": {"NTIS": "한국폴리텍 I 대학 성남캠퍼스"}, "원유집": {"NTIS": "한양대학교산학협력단"}, "원치선": {"NTIS": "동국대학교"}, "유도식": {"NTIS": "홍익대학교"}, "유상조": {"NTIS": "인하대학교"}, "유선진": {"NTIS": "창원대학교"}, "유성은": {"NTIS": "대구대학교"}, "유성준": {"NTIS": "세종대학교 산학협력단"}, "유승협": {"NTIS": "한국과학기술원"}, "유연우": {"SCIENCEON": "한성대학교 스마트경영공학부 컨설팅트랙", "KCI": "한성대학교"}, "유영환": {"NTIS": "부산대학교"}, "유우식": {"NTIS": "인천대학교산학협력단"}, "유일선": {"NTIS": "순천향대학교산학협력단"}, "유재두": {"KCI": "목원대학교"}, "유재빈": {"KCI": "홍익대학교"}, "유재수0": {"NTIS": "충북대학교"}, "유재수1": {"NTIS": "경희대학교(국제캠퍼스)"}, "유종원": {"NTIS": "한국과학기술원"}, "유창동": {"NTIS": "한국과학기술원"}, "유태선": {"NTIS": "부경대학교"}, "유하영": {"KCI": "상명대학교"}, "유형석": {"NTIS": "한양대학교산학협력단"}, "유환조": {"NTIS": "포항공과대학교"}, "유회준0": {"NTIS": "충남대학교"}, "유회준1": {"NTIS": "한국과학기술원"}, "유흥균": {"NTIS": "충북대학교"}, "육종관": {"NTIS": "연세대학교"}, "윤기완": {"NTIS": "한국과학기술원", "SCIENCEON": "School of Electrical Engineering, Korea Advanced Institute of Science and Technology", "KCI": "한국과학기술원"}, "윤민": {"NTIS": "부경대학교"}, "윤민호": {"NTIS": "연세대학교"}, "윤병수": {"NTIS": "경기대학교 산학협력단"}, "윤상석0": {"NTIS": "신라대학교산학협력단"}, "윤상석1": {"NTIS": "부경대학교"}, "윤상웅": {"NTIS": "경희대학교(국제캠퍼스)"}, "윤성수": {"NTIS": "충북대학교 산학협력단"}, "윤영": {"NTIS": "홍익대학교 산학협력단"}, "윤영기": {"NTIS": "가천대학교 산학협력단"}, "윤용익": {"NTIS": "숙명여자대학교", "SCIENCEON": "숙명여자대학교"}, "윤은준": {"NTIS": "경일대학교"}, "윤재석": {"NTIS": "순천향대학교"}, "윤정원": {"NTIS": "충북대학교"}, "윤종원": {"NTIS": "한양대학교(ERICA캠퍼스)"}, "윤주상": {"SCIENCEON": "동의대학교 산업ICT기술공학과"}, "윤중수": {"KCI": "경동대학교 임상병리과"}, "윤형식": {"NTIS": "(주)실리콘파이브"}, "윤형진": {"NTIS": "서울대학교병원"}, "윤희용": {"NTIS": "성균관대학교(자연과학캠퍼스)", "SCIENCEON": "성균관대학교 소프트웨어대학 소프트웨어학과"}, "이강우": {"SCIENCEON": "한국전자통신연구원 IoT 연구본부"}, "이강윤": {"NTIS": "성균관대학교(자연과학캠퍼스)"}, "이강희": {"NTIS": "숭실대학교"}, "이건명": {"NTIS": "충북대학교 산학협력단"}, "이경근": {"NTIS": "세종대학교 산학협력단"}, "이경민": {"NTIS": "서울대학교"}, "이경진": {"NTIS": "고려대학교"}, "이경현": {"NTIS": "부경대학교산학협력단"}, "이경호": {"NTIS": "연세대학교"}, "이관규": {"KCI": "고려대학교"}, "이구연": {"KCI": "강원대학교"}, "이규대": {"NTIS": "공주대학교"}, "이규철0": {"NTIS": "충남대학교 산학협력단"}, "이규철1": {"NTIS": "서울대학교"}, "이규호": {"NTIS": "인제대학교산학협력단"}, "이근형": {"NTIS": "인하대학교"}, "이근호": {"NTIS": "백석대학교"}, "이기백": {"NTIS": "광운대학교"}, "이기송": {"NTIS": "군산대학교"}, "이기훈": {"NTIS": "광운대학교산학협력단"}, "이내응": {"NTIS": "성균관대학교(자연과학캠퍼스)"}, "이대석": {"NTIS": "광운대학교"}, "이대원": {"NTIS": "서경대학교"}, "이동건": {"NTIS": "한국산업기술대학교"}, "이동근": {"KCI": "서울대학교"}, "이동만": {"NTIS": "한국과학기술원"}, "이동욱": {"NTIS": "홍익대학교"}, "이동진": {"NTIS": "건국대학교"}, "이동훈": {"NTIS": "고려대학교산학협력단"}, "이동희": {"NTIS": "경성대학교"}, "이명주": {"NTIS": "명지대학교 산학협력단"}, "이문규": {"NTIS": "서울시립대학교"}, "이문환": {"NTIS": "한국산업기술대학교"}, "이미정": {"SCIENCEON": "Ewha Womans University Department of Computer Science and Engineering", "KCI": "이화여자대학교"}, "이민성": {"NTIS": "경희대학교(국제캠퍼스)"}, "이민수": {"NTIS": "이화여자대학교"}, "이민영": {"KCI": "가톨릭대학교"}, "이민재": {"NTIS": "광주과학기술원"}, "이민호": {"NTIS": "경북대학교 산학협력단"}, "이방욱": {"NTIS": "한양대학교에리카산학협력단"}, "이범선": {"NTIS": "경희대학교 산학협력단"}, "이병관": {"NTIS": "관동대학교"}, "이병근": {"NTIS": "광주과학기술원"}, "이병무": {"NTIS": "세종대학교"}, "이병문": {"NTIS": "가천대학교 산학협력단"}, "이보경": {"NTIS": "한국산업기술대학교", "SCIENCEON": "한국산업기술대학교, 컴퓨터공학부", "KCI": "한국산업기술대학교"}, "이봉규": {"NTIS": "제주대학교산학협력단"}, "이봉문": {"KCI": "가톨릭관동대학교"}, "이상곤": {"NTIS": "동서대학교"}, "이상국0": {"NTIS": "가톨릭대학교"}, "이상국1": {"NTIS": "한국과학기술원"}, "이상근": {"NTIS": "한양대학교(ERICA캠퍼스)"}, "이상석": {"KCI": "순천대학교"}, "이상선": {"NTIS": "한양대학교"}, "이상신0": {"NTIS": "광운대학교"}, "이상신1": {"SCIENCEON": "한국전자기술연구원", "KCI": "한국전자기술연구원"}, "이상영": {"NTIS": "울산과학기술원"}, "이상원": {"SCIENCEON": "Department of Interaction Science, Sungkyunkwan University", "KCI": "성균관대학교"}, "이상윤": {"NTIS": "인하대학교"}, "이상정": {"KCI": "순천향대학교"}, "이상준0": {"NTIS": "숭실대학교"}, "이상준1": {"KCI": "전남대학교"}, "이상현0": {"NTIS": "공주대학교 산학협력단"}, "이상현1": {"NTIS": "고려대학교"}, "이상현2": {"KCI": "신라대학교"}, "이상호": {"NTIS": "경북대학교"}, "이상환": {"NTIS": "국민대학교"}, "이새움": {"SCIENCEON": "한국인터넷진흥원 보안기술확산팀"}, "이석": {"NTIS": "부산대학교"}, "이석복": {"NTIS": "한양대학교(ERICA캠퍼스)"}, "이석한": {"NTIS": "성균관대학교"}, "이선희": {"NTIS": "가천대학교 산학협력단"}, "이성근": {"KCI": "순천대학교"}, "이성남": {"NTIS": "한국산업기술대학교"}, "이성엽": {"NTIS": "서강대학교산학협력단"}, "이성원0": {"NTIS": "광운대학교"}, "이성원1": {"NTIS": "대구한의대학교"}, "이성일": {"NTIS": "성균관대학교산학협력단"}, "이세원": {"NTIS": "부경대학교"}, "이수연": {"KCI": "부산대학교"}, "이수영": {"NTIS": "한국과학기술원"}, "이수철": {"NTIS": "한국교통대학교"}, "이숙영": {"NTIS": "이화여자대학교"}, "이순일": {"NTIS": "창원대학교"}, "이순조": {"NTIS": "서원대학교산학협력단"}, "이승민": {"NTIS": "국민대학교산학협력단"}, "이승섭": {"NTIS": "한국과학기술원"}, "이승아": {"NTIS": "연세대학교"}, "이승우": {"NTIS": "고려대학교"}, "이승준": {"KCI": "서원대학교"}, "이승환": {"KCI": "한림대학교"}, "이승훈": {"NTIS": "서강대학교산학협력단"}, "이승희": {"NTIS": "한국과학기술원"}, "이신범": {"NTIS": "대구경북과학기술원"}, "이양선": {"SCIENCEON": "서경대학교 컴퓨터공학과"}, "이연식": {"NTIS": "군산대학교"}, "이영걸": {"NTIS": "대림대학교산학협력단"}, "이영기": {"NTIS": "서울대학교"}, "이영동": {"SCIENCEON": "창신대학교 소프트웨어공학과"}, "이영두": {"NTIS": "울산대학교"}, "이영석": {"NTIS": "군산대학교산학협력단"}, "이영실": {"NTIS": "동서대학교"}, "이영오": {"NTIS": "울산과학기술원"}, "이영우": {"NTIS": "전남대학교"}, "이영일": {"NTIS": "서울과학기술대학교"}, "이영주": {"NTIS": "포항공과대학교"}, "이영철": {"NTIS": "목포해양대학교"}, "이옥연": {"NTIS": "국민대학교"}, "이완직": {"KCI": "부산대학교"}, "이왕상": {"NTIS": "경상대학교"}, "이용": {"KCI": "독립연구자"}, "이용업": {"NTIS": "한림대학교"}, "이용우": {"NTIS": "서울시립대학교산학협력단"}, "이용주": {"SCIENCEON": "경북대학교 IT대학 컴퓨터학부", "KCI": "경북대학교"}, "이용환": {"NTIS": "서울대학교산학협력단"}, "이우섭": {"NTIS": "한밭대학교"}, "이우식": {"NTIS": "경기대학교"}, "이우영": {"NTIS": "연세대학교 산학협력단"}, "이우진": {"NTIS": "경북대학교"}, "이원석": {"NTIS": "연세대학교 산학협력단"}, "이원섭": {"KCI": "강릉원주대학교"}, "이원승": {"KCI": "중앙대학교 연극학과"}, "이원준": {"NTIS": "고려대학교"}, "이윤경": {"NTIS": "전북대학교"}, "이윤길": {"NTIS": "호서대학교"}, "이윤석": {"KCI": "한국외국어대학교"}, "이윤정": {"NTIS": "제주대학교"}, "이윤호": {"NTIS": "서울과학기술대학교"}, "이융": {"NTIS": "한국과학기술원"}, "이은구": {"NTIS": "인천대학교산학협력단"}, "이은규": {"NTIS": "인천대학교"}, "이은영": {"KCI": "경희대학교 인문학연구원"}, "이은호": {"NTIS": "금오공과대학교"}, "이응혁": {"NTIS": "한국산업기술대학교산학협력단"}, "이의진": {"NTIS": "한국과학기술원"}, "이인수": {"KCI": "한국국토정보공사 공간정보연구원"}, "이임영": {"NTIS": "순천향대학교산학협력단"}, "이장식": {"NTIS": "포항공과대학교"}, "이재구": {"NTIS": "국민대학교"}, "이재길": {"NTIS": "한국과학기술원"}, "이재민": {"NTIS": "금오공과대학교산학협력단"}, "이재범": {"KCI": "충남대학교"}, "이재영": {"NTIS": "포항공과대학교"}, "이재원": {"KCI": "한국외국어대학교"}, "이정륜": {"NTIS": "중앙대학교"}, "이정아": {"NTIS": "조선대학교"}, "이정우0": {"NTIS": "서울대학교"}, "이정우1": {"SCIENCEON": "연세대학교 정보대학원", "KCI": "연세대학교 정보대학원"}, "이정원": {"NTIS": "아주대학교"}, "이정해": {"NTIS": "홍익대학교"}, "이정현": {"NTIS": "숭실대학교"}, "이정훈": {"NTIS": "서울대학교"}, "이제민": {"NTIS": "대구경북과학기술원"}, "이제승": {"NTIS": "서울대학교"}, "이종권": {"NTIS": "청주대학교"}, "이종덕": {"NTIS": "육군사관학교"}, "이종득": {"NTIS": "전북대학교"}, "이종명": {"NTIS": "명지대학교"}, "이종식0": {"NTIS": "인하대학교"}, "이종식1": {"KCI": "성균관대학교"}, "이종욱0": {"NTIS": "경희대학교(국제캠퍼스)"}, "이종욱1": {"NTIS": "고려대학교세종캠퍼스"}, "이종은": {"NTIS": "울산과학기술원"}, "이종재": {"NTIS": "세종대학교"}, "이종태0": {"NTIS": "동국대학교산학협력단"}, "이종태1": {"SCIENCEON": "서울여자대학교"}, "이종현": {"NTIS": "성균관대학교"}, "이종호": {"NTIS": "서울대학교"}, "이종훈": {"NTIS": "경북대학교산학협력단"}, "이종흔": {"NTIS": "고려대학교"}, "이주헌": {"NTIS": "서울대학교"}, "이주혁": {"NTIS": "대구경북과학기술원"}, "이주형": {"NTIS": "가천대학교"}, "이주희0": {"NTIS": "이화여자대학교"}, "이주희1": {"KCI": "인하대학교"}, "이준원": {"NTIS": "성균관대학교산학협력단"}, "이지석": {"NTIS": "울산과학기술원"}, "이지선": {"NTIS": "숭실대학교"}, "이지형": {"NTIS": "성균관대학교(자연과학캠퍼스)"}, "이지혜": {"KCI": "한양대학교"}, "이진호": {"KCI": "경성대학교"}, "이찬수": {"NTIS": "영남대학교"}, "이창건": {"NTIS": "서울대학교"}, "이창석": {"NTIS": "한밭대학교산학협력단"}, "이창성": {"KCI": "목원대학교 IT공학연구소"}, "이창훈": {"NTIS": "서울과학기술대학교", "SCIENCEON": "서울과학기술대학교 컴퓨터공학과"}, "이채연": {"NTIS": "한국외국어대학교 연구산학협력단"}, "이채우": {"NTIS": "아주대학교"}, "이철승": {"KCI": "광주여자대학교"}, "이철호": {"NTIS": "고려대학교"}, "이충목": {"NTIS": "한국외국어대학교(글로벌캠퍼스)"}, "이칠기": {"NTIS": "성균관대학교(자연과학캠퍼스)"}, "이태진": {"NTIS": "성균관대학교(자연과학캠퍼스)"}, "이태희": {"NTIS": "전북대학교"}, "이한림": {"NTIS": "중앙대학교"}, "이한얼0": {"NTIS": "한국과학기술원"}, "이한얼1": {"KCI": "전북대학교"}, "이한호": {"NTIS": "인하대학교 산학협력단"}, "이향숙": {"NTIS": "이화여자대학교"}, "이혁준": {"NTIS": "광운대학교"}, "이현동": {"NTIS": "동서대학교"}, "이현용": {"NTIS": "전남대학교"}, "이현우": {"SCIENCEON": "미디어연구본부"}, "이현호": {"NTIS": "명지대학교"}, "이형규": {"NTIS": "대구대학교"}, "이형우": {"SCIENCEON": "한신대학교 컴퓨터공학부"}, "이혜진": {"KCI": "경북대학교"}, "이호상": {"NTIS": "한국교통대학교"}, "이홍우": {"SCIENCEON": "상명대학교컴퓨터과학과", "KCI": "상명대학교"}, "이홍철": {"NTIS": "경북대학교"}, "이화민": {"SCIENCEON": "순천향대학교 컴퓨터소프트웨어 공학과"}, "이훈재": {"NTIS": "동서대학교"}, "이희조": {"NTIS": "고려대학교산학협력단"}, "임기병": {"NTIS": "경북대학교 산학협력단"}, "임동구": {"NTIS": "전북대학교"}, "임동혁": {"NTIS": "광운대학교"}, "임민중": {"SCIENCEON": "Dongguk University Information and Communication Engineering", "KCI": "동국대학교"}, "임상순": {"NTIS": "성결대학교"}, "임상혁": {"NTIS": "고려대학교산학협력단"}, "임석진": {"NTIS": "성결대학교"}, "임성수": {"NTIS": "국민대학교산학협력단"}, "임성화": {"NTIS": "남서울대학교"}, "임승호": {"NTIS": "한국외국어대학교(글로벌캠퍼스)"}, "임영태": {"NTIS": "건국대학교 GLOCAL(글로컬)캠퍼스"}, "임완수": {"SCIENCEON": "국립금오공과대학교 IT융복합공학과", "KCI": "금오공과대학교"}, "임원봉": {"NTIS": "조선대학교 산학협력단"}, "임윤규": {"NTIS": "제주대학교 산학협력단"}, "임재찬": {"NTIS": "서강대학교"}, "임재한0": {"NTIS": "이화여자대학교"}, "임재한1": {"NTIS": "광운대학교"}, "임재홍": {"NTIS": "가천대학교"}, "임종화": {"NTIS": "경북대학교 산학협력단"}, "임준석": {"NTIS": "(주)리테일테크"}, "임진형": {"NTIS": "공주대학교"}, "임치현": {"NTIS": "울산과학기술원"}, "임혁": {"NTIS": "광주과학기술원"}, "임희석": {"NTIS": "고려대학교산학협력단"}, "장경선": {"NTIS": "충남대학교"}, "장대희": {"NTIS": "성신여자대학교"}, "장민석": {"NTIS": "한국과학기술원"}, "장병준": {"NTIS": "국민대학교산학협력단"}, "장병탁": {"NTIS": "서울대학교"}, "장석진": {"NTIS": "서울시립대학교"}, "장수환": {"NTIS": "단국대학교"}, "장승환": {"NTIS": "한양대학교 에리카산학협력단"}, "장애란": {"KCI": "제주대학교"}, "장영조": {"KCI": "한국기술교육대학교"}, "장영찬": {"NTIS": "금오공과대학교"}, "장윤": {"KCI": "세종대학교"}, "장은석": {"KCI": "인하공업전문대학"}, "장종욱": {"NTIS": "동의대학교", "SCIENCEON": "Dong-Eui University", "KCI": "동의대학교"}, "장주욱": {"NTIS": "서강대학교"}, "장중혁": {"KCI": "대구대학교", "NTIS": "대구대학교산학협력단"}, "장지웅": {"NTIS": "울산과학대학교"}, "장진": {"NTIS": "경희대학교"}, "장창수": {"KCI": "전남대학교"}, "장한승": {"NTIS": "전남대학교"}, "장호덕": {"KCI": "동양미래대학교"}, "장희선": {"NTIS": "평택대학교"}, "장희수": {"NTIS": "숭실대학교"}, "전국진": {"NTIS": "서울대학교"}, "전민재": {"NTIS": "숭실대학교"}, "전병국": {"NTIS": "강릉원주대학교"}, "전상훈": {"NTIS": "한국과학기술원"}, "전양배": {"NTIS": "한국과학기술원"}, "전영국": {"NTIS": "순천대학교"}, "전영철": {"NTIS": "울산과학기술원"}, "전요섭": {"KCI": "성결대학교"}, "전요셉": {"NTIS": "포항공과대학교"}, "전용석": {"NTIS": "고려대학교산학협력단"}, "전용희": {"KCI": "대구가톨릭대학교"}, "전인성": {"KCI": "한국교원대학교"}, "전정훈": {"KCI": "동덕여자대학교"}, "전창완": {"NTIS": "순천향대학교산학협력단"}, "전천후": {"NTIS": "포항공과대학교"}, "전하준": {"NTIS": "대구대학교산학협력단"}, "전한종": {"NTIS": "한양대학교"}, "전향숙": {"KCI": "중앙대학교 식품공학부 BK21 Plus 식품안전 전문인력 양성사업팀"}, "전현채": {"NTIS": "인천대학교"}, "전화숙": {"NTIS": "서울대학교"}, "전희창": {"NTIS": "동국대학교"}, "정경복": {"KCI": "조선대학교"}, "정경용": {"NTIS": "경기대학교"}, "정광수": {"KCI": "광운대학교"}, "정교범": {"SCIENCEON": "Dept. of Electronic & Electrical Engineering, Hongik University", "KCI": "홍익대학교"}, "정기문": {"KCI": "한국과학기술정보연구원 슈퍼컴퓨터개발센터"}, "정기현": {"NTIS": "경일대학교"}, "정기훈": {"NTIS": "한국과학기술원"}, "정대승": {"SCIENCEON": "알파칩스", "KCI": "알파칩스"}, "정도운": {"SCIENCEON": "동서대학교"}, "정동근": {"NTIS": "한국외국어대학교"}, "정동석": {"KCI": "인하대학교"}, "정동원": {"NTIS": "군산대학교"}, "정래동": {"KCI": "전남대학교"}, "정방철": {"NTIS": "충남대학교"}, "정상화": {"NTIS": "부산대학교 산학협력단"}, "정석률": {"KCI": "남서울대학교"}, "정석찬": {"SCIENCEON": "동의대학교 e비즈니스학과, 부산IT융합부품연구소", "KCI": "동의대학교 e비즈니스학과"}, "정선호": {"NTIS": "건국대학교"}, "정성용": {"NTIS": "고려대학교"}, "정성윤": {"NTIS": "영남대학교"}, "정성준": {"NTIS": "숭실대학교"}, "정성택": {"SCIENCEON": "한국산업기술대학교 컴퓨터공학과"}, "정세영": {"NTIS": "한국과학기술원"}, "정수환": {"NTIS": "숭실대학교 산학협력단"}, "정순기": {"NTIS": "순천향대학교산학협력단"}, "정순영": {"NTIS": "고려대학교"}, "정연돈": {"NTIS": "고려대학교산학협력단"}, "정영배": {"NTIS": "한밭대학교산학협력단"}, "정영식": {"NTIS": "동국대학교"}, "정영욱": {"NTIS": "광운대학교"}, "정영호": {"NTIS": "대구대학교"}, "정영훈": {"KCI": "한국세라믹기술원"}, "정완영": {"NTIS": "부경대학교"}, "정운철": {"NTIS": "성균관대학교"}, "정원호": {"SCIENCEON": "부산대학교 식품자원경제학과"}, "정유진": {"KCI": "국립낙동강생물자원관"}, "정윤우": {"NTIS": "한국과학기술원"}, "정윤호": {"SCIENCEON": "한국항공대학교 항공전자정보공학부", "KCI": "한국항공대학교"}, "정은성": {"NTIS": "홍익대학교(세종캠퍼스)"}, "정의영": {"NTIS": "연세대학교"}, "정의현": {"NTIS": "안양대학교"}, "정인범": {"NTIS": "강원대학교", "KCI": "강원대학교"}, "정인환": {"SCIENCEON": "한성대학교 컴퓨터공학부", "KCI": "한성대학교"}, "정일영": {"NTIS": "한국외국어대학교 연구산학협력단"}, "정일용": {"NTIS": "조선대학교 산학협력단"}, "정임영": {"NTIS": "경북대학교"}, "정재용": {"NTIS": "인천대학교"}, "정재웅": {"NTIS": "한국과학기술원"}, "정재은": {"NTIS": "중앙대학교"}, "정종필": {"NTIS": "성균관대학교(자연과학캠퍼스)"}, "정지훈": {"NTIS": "중앙대학교"}, "정진만": {"SCIENCEON": "인하대학교 컴퓨터공학과", "KCI": "인하대학교"}, "정진수": {"NTIS": "서울대학교"}, "정진우": {"NTIS": "금오공과대학교", "SCIENCEON": "Department of Computer Engineering, Kumoh National Institute of Technology", "KCI": "금오공과대학교"}, "정진헌": {"KCI": "동국대학교"}, "정창원": {"NTIS": "서울과학기술대학교"}, "정태명": {"NTIS": "성균관대학교 산학협력단"}, "정필상": {"NTIS": "단국대학교(천안캠퍼스)"}, "정해준": {"NTIS": "인천대학교"}, "정혁진": {"NTIS": "서울대학교"}, "정현석": {"NTIS": "성균관대학교 산학협력단"}, "정혜선": {"NTIS": "서울시립대학교"}, "정회경": {"NTIS": "배재대학교 산학협력단", "SCIENCEON": "Department of Computer Engineering, Paichai University", "KCI": "배재대학교"}, "정희태": {"NTIS": "한국과학기술원"}, "조경록": {"NTIS": "충북대학교"}, "조경운": {"NTIS": "이화여자대학교"}, "조경은": {"NTIS": "동국대학교산학협력단"}, "조교석": {"NTIS": "금오공과대학교"}, "조권도": {"SCIENCEON": "이동응용모뎀연구실"}, "조근식": {"NTIS": "인하대학교 산학협력단"}, "조근호": {"KCI": "서경대학교"}, "조기환": {"NTIS": "전북대학교산학협력단"}, "조동호": {"NTIS": "한국과학기술원"}, "조두산": {"KCI": "순천대학교"}, "조민규": {"NTIS": "한국과학기술원"}, "조민호": {"NTIS": "고려대학교세종캠퍼스"}, "조병진0": {"NTIS": "충북대학교"}, "조병진1": {"NTIS": "한국과학기술원"}, "조성래": {"NTIS": "중앙대학교"}, "조성원": {"NTIS": "홍익대학교중소기업산학협력센터"}, "조성진": {"NTIS": "가천대학교 산학협력단"}, "조성현": {"NTIS": "한양대학교 에리카산학협력단"}, "조성훈": {"NTIS": "동서대학교"}, "조영임": {"NTIS": "가천대학교 산학협력단"}, "조오현": {"NTIS": "충북대학교"}, "조완섭": {"NTIS": "충북대학교 산학협력단"}, "조완현": {"NTIS": "전남대학교"}, "조용규": {"NTIS": "강남대학교"}, "조용범": {"NTIS": "건국대학교 산학협력단"}, "조용우": {"NTIS": "한양대학교(ERICA캠퍼스)"}, "조용윤": {"NTIS": "순천대학교"}, "조용현": {"KCI": "대구가톨릭대학교"}, "조용호": {"NTIS": "호서대학교"}, "조웅": {"KCI": "중원대학교"}, "조원주": {"NTIS": "광운대학교"}, "조윤성": {"NTIS": "대구가톨릭대학교산학협력단"}, "조은선": {"NTIS": "충남대학교"}, "조은희": {"KCI": "조선대학교"}, "조인준": {"KCI": "배재대학교"}, "조인휘": {"NTIS": "한양대학교"}, "조재일": {"NTIS": "전남대학교"}, "조재혁": {"NTIS": "숭실대학교 산학협력단"}, "조주은": {"KCI": "서울대학교 법학연구소"}, "조준형": {"NTIS": "홍익대학교(세종캠퍼스)"}, "조중상": {"NTIS": "충북대학교"}, "조진남": {"SCIENCEON": "동덕여자대학교 정보통계학과", "KCI": "동덕여자대학교"}, "조진성": {"NTIS": "경희대학교(국제캠퍼스)"}, "조채용": {"NTIS": "부산대학교"}, "조태남": {"NTIS": "우석대학교"}, "조현민": {"NTIS": "서울대학교"}, "조현보": {"NTIS": "포항공과대학교산학협력단"}, "조현중": {"SCIENCEON": "고려대학교 컴퓨터정보학과"}, "조호신": {"NTIS": "경북대학교산학협력단"}, "조희승": {"NTIS": "충북대학교", "KCI": "충북대학교"}, "주경광": {"KCI": "전남대학교"}, "주수종": {"NTIS": "원광대학교", "SCIENCEON": "Department of Computer.Software Engineering, Wonkwang University", "KCI": "원광대학교"}, "주승돈": {"SCIENCEON": "재상전자(주)"}, "주용수": {"NTIS": "국민대학교"}, "주정석": {"KCI": "한국외국어대학교"}, "주혜영": {"KCI": "중앙대학교"}, "주효상": {"NTIS": "성균관대학교"}, "지승열": {"NTIS": "한양대학교"}, "지영준": {"NTIS": "울산대학교"}, "지용구": {"NTIS": "연세대학교"}, "진성훈": {"NTIS": "인천대학교"}, "차성은": {"SCIENCEON": "고려대학교 환경생태공학과"}, "차승남": {"NTIS": "성균관대학교(자연과학캠퍼스)"}, "차시호": {"NTIS": "청운대학교 인천캠퍼스"}, "차재상": {"NTIS": "서울과학기술대학교 산학협력단", "SCIENCEON": "Dept. of Electronics & IT Media Eng., Seoul National University of Science and Technology", "KCI": "서울과학기술대학교 전자IT미디어 공학과"}, "차호영": {"NTIS": "홍익대학교"}, "채기준": {"NTIS": "이화여자대학교"}, "채정민": {"NTIS": "고려대학교"}, "채형일": {"NTIS": "국민대학교산학협력단"}, "천승규": {"KCI": "서울과학기술대학교"}, "천인국": {"SCIENCEON": "순천향대학교 컴퓨터공학과", "KCI": "순천향대학교"}, "천홍구": {"NTIS": "고려대학교"}, "최경아": {"NTIS": "한국과학기술원"}, "최경진": {"KCI": "건국대학교"}, "최경철": {"NTIS": "한국과학기술원"}, "최경현0": {"NTIS": "제주대학교"}, "최경현1": {"KCI": "문화재청 문화재감정위원"}, "최계원": {"NTIS": "성균관대학교"}, "최광훈": {"NTIS": "전남대학교", "SCIENCEON": "전남대학교 전자컴퓨터공학부", "KCI": "전남대학교"}, "최권영": {"NTIS": "아주대학교"}, "최권택": {"KCI": "강남대학교"}, "최기흥": {"SCIENCEON": "한성대학교 기계시스템공학과"}, "최덕현": {"NTIS": "경희대학교(국제캠퍼스)"}, "최동완": {"NTIS": "인하대학교 산학협력단"}, "최동유": {"NTIS": "조선대학교"}, "최동훈": {"NTIS": "고려대학교"}, "최리노": {"NTIS": "인하대학교"}, "최미정": {"NTIS": "강원대학교"}, "최민": {"NTIS": "충북대학교", "SCIENCEON": "충북대학교"}, "최병길": {"NTIS": "인천대학교산학협력단"}, "최병인": {"KCI": "가톨릭대학교"}, "최상일0": {"NTIS": "단국대학교"}, "최상일1": {"NTIS": "강릉원주대학교"}, "최상호": {"NTIS": "가톨릭대학교"}, "최선진": {"NTIS": "한양대학교"}, "최성율": {"NTIS": "한국과학기술원"}, "최성철": {"NTIS": "가천대학교"}, "최세영": {"NTIS": "원광대학교"}, "최수경": {"NTIS": "고려대학교"}, "최수일": {"NTIS": "전남대학교"}, "최양규": {"NTIS": "한국과학기술원"}, "최영석": {"NTIS": "광운대학교 산학협력단"}, "최영찬": {"NTIS": "서울대학교 산학협력단"}, "최완": {"NTIS": "서울대학교"}, "최용근": {"NTIS": "단국대학교 산학협력단"}, "최용석": {"NTIS": "순천대학교"}, "최우영": {"NTIS": "서강대학교"}, "최우준": {"NTIS": "연세대학교"}, "최우창": {"NTIS": "신라대학교 산학협력단"}, "최원석": {"NTIS": "한밭대학교"}, "최윤자": {"NTIS": "경북대학교"}, "최윤호": {"NTIS": "부산대학교"}, "최은빈": {"NTIS": "성균관대학교"}, "최인석": {"NTIS": "서울대학교"}, "최재성": {"NTIS": "선문대학교"}, "최재영": {"NTIS": "성균관대학교(자연과학캠퍼스)"}, "최재우": {"NTIS": "경희대학교"}, "최재혁0": {"NTIS": "가천대학교"}, "최재혁1": {"NTIS": "성균관대학교(자연과학캠퍼스)"}, "최정운": {"SCIENCEON": "한양대학교 정보시스템학과", "KCI": "한양대학교 정보시스템학과"}, "최정희": {"SCIENCEON": "목원대학교 스톡스대학 SW교양학부", "KCI": "목원대학교 스톡스대학 SW교양학부"}, "최종선": {"NTIS": "숭실대학교"}, "최종호": {"NTIS": "강남대학교산학협력단"}, "최종훈": {"KCI": "이화여자대학교"}, "최준균": {"NTIS": "한국과학기술원"}, "최준호": {"NTIS": "전남대학교"}, "최지훈": {"NTIS": "충남대학교"}, "최진구0": {"NTIS": "영남대학교"}, "최진구1": {"KCI": "한국산업기술대학교"}, "최진탁": {"NTIS": "인천대학교", "KCI": "인천대학교"}, "최창환": {"NTIS": "한양대학교"}, "최철재": {"KCI": "경동대학교"}, "최택집": {"NTIS": "세종대학교"}, "최한석": {"NTIS": "목포대학교"}, "최해천": {"NTIS": "서울대학교 산학협력단"}, "최형림": {"NTIS": "동아대학교 산학협력단"}, "최황규": {"NTIS": "국립강원대학교 산학협력단"}, "추연욱": {"NTIS": "공주대학교"}, "추영열": {"KCI": "동명대학교"}, "추은미": {"NTIS": "충남대학교"}, "추현승": {"NTIS": "성균관대학교 산학협력단"}, "추호성": {"NTIS": "홍익대학교"}, "탁한호0": {"SCIENCEON": "Dep. of Electronic Eng., Gyeongnam National University of Science and Technology"}, "탁한호1": {"KCI": "<주>흥창 부설연구소"}, "테오벵진": {"NTIS": "연세대학교"}, "토카안": {"NTIS": "연세대학교"}, "표성민": {"NTIS": "한밭대학교"}, "프린팅인증센터 교수": {"KCI": "프린팅인증센터 교수"}, "하상안": {"NTIS": "신라대학교 산학협력단"}, "한경현": {"NTIS": "홍익대학교(세종캠퍼스)"}, "한광희": {"KCI": "한신대학교"}, "한동수": {"NTIS": "한국과학기술원"}, "한선영": {"NTIS": "한국과학기술원"}, "한승재": {"NTIS": "연세대학교"}, "한승진": {"NTIS": "경인여자대학교"}, "한연희": {"NTIS": "한국기술교육대학교"}, "한재복": {"KCI": "동신대학교"}, "한정인": {"NTIS": "동국대학교"}, "한종기": {"NTIS": "세종대학교"}, "한중석": {"NTIS": "서울대학교 산학협력단"}, "한창수0": {"NTIS": "한국과학기술원"}, "한창수1": {"NTIS": "고려대학교"}, "한창희": {"NTIS": "고려대학교"}, "한태희": {"NTIS": "성균관대학교(자연과학캠퍼스)"}, "한택수": {"NTIS": "신성씨앤티"}, "함명관": {"NTIS": "인하대학교"}, "허광희": {"NTIS": "건양대학교"}, "허석렬": {"SCIENCEON": "부산대학교 IT응용공학과"}, "허선": {"NTIS": "한양대학교(ERICA캠퍼스)"}, "허재현": {"NTIS": "가천대학교"}, "허준범": {"NTIS": "중앙대학교"}, "허준혁": {"NTIS": "성균관대학교(자연과학캠퍼스)"}, "허준호": {"NTIS": "부산가톨릭대학교"}, "홍기형": {"NTIS": "성신여자대학교연구산학협력단"}, "홍봉희": {"NTIS": "부산대학교"}, "홍상진": {"NTIS": "명지대학교산학협력단"}, "홍성경": {"NTIS": "세종대학교 산학협력단"}, "홍성수": {"NTIS": "서울대학교 산학협력단"}, "홍성철": {"NTIS": "한국과학기술원"}, "홍승범": {"NTIS": "한국과학기술원"}, "홍원기0": {"NTIS": "포항공과대학교 산학협력단"}, "홍원기1": {"NTIS": "대구대학교산학협력단"}, "홍인기": {"NTIS": "경희대학교 산학협력단"}, "홍정규": {"NTIS": "한국과학기술원"}, "홍종일": {"NTIS": "인하대학교산학협력단"}, "홍지만": {"NTIS": "숭실대학교 산학협력단", "KCI": "숭실대학교"}, "홍지연": {"SCIENCEON": "동의대학교 멀티미디어공학과"}, "홍찬기": {"SCIENCEON": "가톨릭관동대학교 의료IT학과", "KCI": "가톨릭관동대학교"}, "홍충선": {"NTIS": "경희대학교 산학협력단", "KCI": "경희대학교"}, "황강욱": {"NTIS": "한국과학기술원"}, "황건태": {"NTIS": "부경대학교"}, "황경균": {"NTIS": "한양대학교 산학협력단"}, "황경호": {"NTIS": "한밭대학교"}, "황석환": {"NTIS": "포항공과대학교"}, "황성운": {"NTIS": "가천대학교 산학협력단"}, "황소영": {"NTIS": "부산가톨릭대학교", "SCIENCEON": "부산가톨릭대학교"}, "황연숙": {"NTIS": "한양대학교"}, "황원주": {"NTIS": "인제대학교"}, "황윤회": {"NTIS": "부산대학교"}, "황의석": {"NTIS": "광주과학기술원"}, "황인철": {"NTIS": "강원대학교"}, "황정호": {"NTIS": "연세대학교 산학협력단"}, "황지영": {"NTIS": "성균관대학교(자연과학캠퍼스)"}, "황진하": {"NTIS": "홍익대학교"}, "황호연": {"NTIS": "인천대학교산학협력단"}}